Прізвище,Ім'я,По батькові,Стать,Дата народження,Посада,Місто проживання,Адреса проживання,Телефон,Email
Шаблій,Наталія,Андріївна,Жіноча,05.03.1946,Маркетолог,село Баштанка,"сквер Мечникова, буд. 939 кв. 2, Мала Виска, 16695",+380 23 104-21-53,vashchenko-zakharchenkooksana@example.com
Ковпак,Тетяна,Василівна,Жіноча,05.05.1945,Реабілітолог,місто Роздільна,"набережна Надії Пучковської, буд. 1, Заліщики, 74616",746 68 51,ndanchenko@example.org
Цісик,Володимир,Сергійович,Чоловіча,13.10.1976,Стропальник,хутір Полонне,"парк Володимира Хавкіна, буд. 2, Рудки, 36052",+380 63 031-73-85,adamchuksofiia@example.net
Лупій,Сергій,Михайлович,Чоловіча,21.12.1971,Гірник,селище Мукачево,"сквер Вірського, буд. 541, Біляївка, 12843",741 00 78,czakharchenko@example.org
Рудик,Тетяна,Сергіївна,Жіноча,17.06.1954,Футболіст,хутір Буринь,"площа Олександра Блока, буд. 3, Ромни, 87208",610-81-43,leontiiisaievych@example.com
Швайка,Василь,Олександрович,Чоловіча,03.04.1971,Астроном,селище Носівка,"проспект Халайджогло, буд. 496, Білгород-Дністровський, 37930",723 73 61,dhuk@example.com
Кабалюк,Сергій,Сергійович,Чоловіча,15.09.2008,Промисловець,селище Хоростків,"проспект Локомотивний 2-й, буд. 1, Фастів, 43199",054 182-83-51,romanetsleopold@example.org
Франко,Ірина,Дмитрівна,Жіноча,07.08.2000,Кушнір,місто Новий Калинів,"провулок Слобідський узвіз, буд. 991, Ірпінь, 29423",878 72 20,kalchenkoarsen@example.org
Фастенко,Дмитро,Васильович,Чоловіча,20.02.1985,Геолог,місто Славута,"шосе Героїв прикордонників, буд. 2, Полонне, 77573",+380 38 352-11-96,wbabych@example.net
Дацюк,Світлана,Петрівна,Жіноча,15.09.1987,Ґрунтознавець,хутір Судак,"узвіз Сабанський, буд. 02 кв. 1, Шахтарське, 17864",+380 62 867-81-56,savenkoorysia@example.net
Ребрик,Володимир,Васильович,Чоловіча,15.03.1944,Композитор,хутір Богуслав,"сквер Вінницька, буд. 947 кв. 3, Шостка, 85086",066 002-26-01,rbabiak@example.com
Щербак,Олександр,Михайлович,Чоловіча,13.04.1981,Фотограф,хутір Сніжне,"парк Матюшенка, буд. 391, Глобине, 32943",+380 12 586-68-10,oleksa59@example.org
Архимович,Ірина,Петрівна,Жіноча,04.07.1952,Будник,хутір Ірміно,"площа Павлодарська, буд. 6 кв. 135, Гнівань, 46086",061 959-41-46,andriiovychieva@example.net
Іващенко,Іван,Дмитрович,Чоловіча,27.01.1981,Доцент,хутір Вараш,"набережна Миколи Костомарова, буд. 371, Винники, 25914",080 393-28-38,deinekazynovii@example.com
Дашкевич,Світлана,Олександрівна,Жіноча,13.11.2002,Доцент,село Покров,"набережна Яблучна, буд. 94, Соледар, 53674",+380 22 769-99-33,opanasbandera@example.net
Чабан,Петро,Іванович,Чоловіча,05.12.1955,Піаніст,хутір Глиняни,"сквер Івана Вазова, буд. 134 кв. 12, Новгород-Сіверський, 22853",087 350 38 50,marianaolifirenko@example.net
Міщенко,Марія,Олександрівна,Жіноча,09.09.1945,Бібліограф,місто Коломия,"шосе Восьмого Березня Лінія 1-ша, буд. 438, П'ятихатки, 05616",+380 45 084-58-44,oleksa89@example.com
Сагаль,Світлана,Петрівна,Жіноча,26.10.1997,Складальник,селище Алмазна,"вулиця Приморський, буд. 05 кв. 2, Енергодар, 12032",+380 41 900 97 81,liuboviermolenko@example.net
Кабаненко,Петро,Михайлович,Чоловіча,22.11.1997,Мовознавець,хутір Зугрес,"проспект Вишневий, буд. 54, Снятин, 19326",038 505 40 54,varvara70@example.com
Архипенко,Михайло,Сергійович,Чоловіча,11.12.1949,Дипломат,село Хуст,"парк Партизанська, буд. 730 кв. 54, Радехів, 29180",+380 (07) 755-76-23,rebrykklavdiia@example.com
Безбородько,Олександр,Петрович,Чоловіча,28.06.1983,Піаніст,селище Лохвиця,"вулиця Миколи Бажана, буд. 4 кв. 20, Олександрія, 83797",+380 38 554-49-05,irena62@example.org
Данильчук,Василь,Іванович,Чоловіча,09.07.1948,Перекладач,село Славута,"узвіз Грецька, буд. 91 кв. 273, Кам'янка-Бузька, 48870",807-06-84,bohdanvakhnii@example.org
Романенко,Андрій,Іванович,Чоловіча,19.03.1984,Графік,хутір Старий Крим,"узвіз Дубова, буд. 3 кв. 44, Хоростків, 54601",+380 77 042 68 98,tkabanenko@example.org
Гавриш,Сергій,Сергійович,Чоловіча,04.01.1981,Кінорежисер,місто Богодухів,"сквер Велика Садова, буд. 6 кв. 38, Великі Мости, 24131",004-94-93,viktormasliak@example.org
Зайченко,Юлія,Василівна,Жіноча,22.10.1966,Ґрунтознавець,місто Іршава,"парк Дністровська, буд. 1, Ладижин, 48883",+380 22 980-21-73,roksolana61@example.com
Цюцюра,Олена,Олександрівна,Жіноча,29.10.2001,Сценарист,селище Іллінці,"площа Танкістів, буд. 852, Вільногірськ, 54318",666-49-54,iakivdevdiuk@example.com
Єрьоменко,Іван,Сергійович,Чоловіча,28.04.2006,Вчитель,хутір Олександрія,"проспект Корнюшина, буд. 116 кв. 361, Синельникове, 59348",052 420 71 14,adam85@example.org
Тесленко,Віктор,Андрійович,Чоловіча,25.04.1967,Пекар,селище Стебник,"набережна Європейська, буд. 251 кв. 3, Отаманівка, 96342",278-50-36,mbashtan@example.net
Цимбалюк,Віктор,Васильович,Чоловіча,07.01.1985,Агроном,село Кролевець,"площа Скляний 2-й, буд. 32 кв. 0, Новгород-Сіверський, 37397",077 001 71 76,fartushniakleon@example.net
Ґалаґан,Світлана,Сергіївна,Жіноча,02.01.1957,Дизайнер,хутір Самбір,"вулиця Заможна, буд. 4, Могилів-Подільський, 55127",+380 28 925-10-36,anastasiia13@example.net
Канівець,Юлія,Василівна,Жіноча,20.05.2008,Менеджер,селище Чернівці,"сквер Новиков міст, буд. 040 кв. 5, Рубіжне, 81633",+380 36 469-55-50,alekseienkostefan@example.org
Копитко,Юлія,Сергіївна,Жіноча,10.02.1969,Стиліст,село Борзна,"вулиця Джевецького, буд. 848, Слов'янськ, 99054",+380 65 645 61 87,dankivklavdiia@example.com
Башполченко,Сергій,Васильович,Чоловіча,08.05.1953,Водій,село Балта,"вулиця Водопровідний 2-й, буд. 7 кв. 193, Ковель, 14798",+380 29 897-54-44,klavdiia86@example.net
Гузій,Оксана,Олександрівна,Жіноча,26.11.1958,Конструктор,хутір Вуглегірськ,"вулиця Симфонічна, буд. 8 кв. 599, Подільськ, 15805",+380 56 910 24 67,aleksandrenkozakhar@example.net
Охримович,Володимир,Дмитрович,Чоловіча,28.05.1994,Пілот,селище Решетилівка,"площа Кастуся Калиновського, буд. 804 кв. 79, Костопіль, 74172",+380 95 901 91 00,dmalyk@example.net
Гук,Юлія,Іванівна,Жіноча,23.05.1950,Мистецтвознавець,хутір Бершадь,"площа Чорноморський 3-й, буд. 5 кв. 8, Нове Давидково, 29893",+380 (85) 943-74-73,bohuslav26@example.com
Ємець,Василь,Іванович,Чоловіча,24.06.2001,Мікробіолог,місто Гайсин,"набережна Чайкова, буд. 942 кв. 5, Лубни, 15973",+380 (30) 308-55-08,ihavryliuk@example.com
Аверченко,Віктор,Дмитрович,Чоловіча,21.10.2000,Няня,хутір Радехів,"сквер Заводська 5-та, буд. 342 кв. 32, Сторожинець, 23117",007 128-45-65,ustymartiukh@example.com
Черінько,Андрій,Сергійович,Чоловіча,12.02.1944,Продюсер,хутір Рівне,"набережна Штабний, буд. 31, Новогродівка, 94901",404-82-59,lukashheorhii@example.net
Рак,Василь,Васильович,Чоловіча,28.08.1974,Електромонтер,хутір Покровськ,"парк Церковна, буд. 4, Кропивницький, 96846",+380 (92) 751-73-70,marta99@example.net
Архипенко,Марія,Олександрівна,Жіноча,31.01.1957,М'ясник,село Українка,"сквер Бісквітний, буд. 115 кв. 22, Стрий, 97061",048 623 55 78,qorlyk@example.org
Данчук,Михайло,Михайлович,Чоловіча,13.11.1998,Музикант,селище Світловодськ,"провулок Петра Біциллі, буд. 964 кв. 37, Жданівка, 23338",097 798 14 90,pavlenkokyrylo@example.net
Колесниченко,Ірина,Олександрівна,Жіноча,17.09.2007,Композитор,село Рені,"узвіз Пастера, буд. 922 кв. 10, Хрустальний, 71121",142-01-69,erika11@example.org
Доценко,Віктор,Іванович,Чоловіча,13.10.1983,Географ,місто Рівне,"проспект Студентський 1-й, буд. 684 кв. 3, Одеса, 70820",041 502 79 26,panteleimon16@example.net
Усик,Юлія,Петрівна,Жіноча,30.11.1991,Мінералог,хутір Белз,"сквер Обривиста, буд. 2 кв. 130, Старий Самбір, 09120",+380 57 120-45-96,mzatula@example.com
Ляшко,Світлана,Дмитрівна,Жіноча,21.03.1945,Дерун,село Вишгород,"набережна Безіменний, буд. 15 кв. 346, Трускавець, 04931",+380 66 830 35 51,ustym08@example.org
Лубенець,Володимир,Михайлович,Чоловіча,20.11.1984,Бізнесмен,селище Новомиргород,"вулиця Богдана Хмельницького, буд. 02, Бахмач, 46427",+380 22 797-06-42,deinekasviatoslav@example.org
Носенко,Михайло,Іванович,Чоловіча,01.11.1948,Агроном,село Калинівка,"набережна Лінійна, буд. 8 кв. 57, Зміїв, 73393",204-45-14,hanna55@example.com
Стець,Володимир,Іванович,Чоловіча,29.11.1991,Етнограф,селище Залізне,"узвіз Друга, буд. 68 кв. 924, Узин, 06887",168 01 80,karasmaryna@example.org
Засуха,Світлана,Василівна,Жіноча,13.02.1964,Співак,місто Докучаєвськ,"набережна Лінія 44-та, буд. 4, Іловайськ, 05477",+380 (56) 950-22-58,rostyslav94@example.net
Луценко,Андрій,Сергійович,Чоловіча,11.05.2003,Кінокритик,місто Решетилівка,"провулок Балтський 8-й, буд. 9, Алчевськ, 52804",+380 36 314-73-41,danna23@example.org
Стельмах,Володимир,Дмитрович,Чоловіча,23.10.1975,Бібліограф,хутір Ямпіль,"сквер Зернова, буд. 78, Глухів, 89126",026 479 66 35,valerii12@example.net
Петрик,Дмитро,Дмитрович,Чоловіча,08.11.1999,Епідеміолог,селище Бахмут,"узвіз Ланжерон, буд. 32 кв. 311, Новомиргород, 39524",275 98 26,zakharenkovalentyna@example.net
Власюк,Наталія,Іванівна,Жіноча,05.01.1970,Мірошник,селище Заліщики,"сквер Олексіївська, буд. 8 кв. 729, Белз, 03209",054 565-76-57,liashkoanita@example.org
Бакуменко,Юлія,Олександрівна,Жіноча,28.10.1981,Провізор,село Апостолове,"набережна Лінія 48-ма, буд. 2, Гайсин, 63615",+380 27 928-77-06,okhrimandriichuk@example.org
Давиденко,Петро,Іванович,Чоловіча,12.08.1983,Астрофізик,село Луцьк,"вулиця Спортивний, буд. 3 кв. 9, Славута, 32745",+380 (48) 074-61-56,nestorieroshenko@example.org
Каденюк,Наталія,Дмитрівна,Жіноча,29.08.1997,Співак,місто Тараща,"узвіз Килимова, буд. 916, Радомишль, 79416",+380 (20) 256-57-83,nosachenkovalentyna@example.org
Вахній,Дмитро,Петрович,Чоловіча,29.05.1970,Публіцист,село Слов'янськ,"парк Пересипська 4-та, буд. 6 кв. 296, Іршава, 99444",390-35-86,nestor47@example.com
Вітрук,Світлана,Іванівна,Жіноча,02.01.1991,М'ясник,місто Алупка,"сквер Лазурний 2-й, буд. 0 кв. 9, Буча, 88840",059 198-87-61,bakumenkovasylyna@example.com
Кармалюк,Володимир,Андрійович,Чоловіча,27.01.1991,Державний службовець,хутір Бурштин,"площа Аптекарський, буд. 08, Острог, 03276",930 17 58,ivanmakohon@example.org
Черінько,Михайло,Михайлович,Чоловіча,21.03.1938,Етнограф,хутір Арциз,"шосе Бузковий, буд. 6 кв. 6, Самбір, 69377",146-78-29,liliialahoda@example.net
Рубан,Петро,Михайлович,Чоловіча,17.11.1979,Петрограф,селище Коростишів,"узвіз Магістральна, буд. 542, Верхньодніпровськ, 46030",+380 05 617-64-74,poltavetsboleslav@example.com
Дацюк,Катерина,Олександрівна,Жіноча,25.01.1974,Кінокритик,місто Бахчисарай,"площа Скляний 3-й, буд. 457, Хирів, 21345",+380 22 814-37-57,arsen18@example.net
Батіг,Тетяна,Михайлівна,Жіноча,29.08.1994,Фізик,селище Роздільна,"сквер Лютневий 1-й, буд. 343, Новоселиця, 89866",+380 51 921 98 96,arsen61@example.org
Петлюра,Михайло,Іванович,Чоловіча,22.02.1943,Археолог,місто Ямпіль,"вулиця Пастера, буд. 778, Пустомити, 51031",+380 (36) 494-39-22,stepan38@example.net
Андрійчук,Петро,Михайлович,Чоловіча,08.07.1953,Паралегал,місто Біла Церква,"площа Жаботинського, буд. 544, Новоселиця, 74682",032 415-22-36,ahavryliv@example.org
Тичина,Наталія,Дмитрівна,Жіноча,14.04.1982,Головний меркшейдер,місто Новгород-Сіверський,"вулиця Яблунева, буд. 4 кв. 606, Почаїв, 89806",294 70 51,lvashchuk@example.org
Хомик,Оксана,Сергіївна,Жіноча,04.06.1975,Економіст,село Тисмениця,"вулиця Дюківська, буд. 3 кв. 4, Бібрка, 48085",013 111-94-24,onysymovsiienko@example.com
Гоголь-Яновський,Тетяна,Василівна,Жіноча,07.01.1956,Бухгалтер,місто Привілля,"шосе Монастирський, буд. 8, Ніжин, 65881",431 71 10,vfurs@example.org
Арсенич,Андрій,Васильович,Чоловіча,30.07.2003,Клавішник,хутір Радехів,"сквер Заводська 4-та, буд. 95, Барвінкове, 01086",+380 50 697-58-95,stanislavdashenko@example.org
Ющенко,Дмитро,Михайлович,Чоловіча,01.10.1956,Модельєр,місто Зоринськ,"площа Сумський, буд. 480 кв. 9, Сніжне, 35481",160 07 06,danna92@example.org
Харченко,Катерина,Петрівна,Жіноча,16.11.1978,Музикант,місто Новоазовськ,"провулок Баштанна, буд. 5, Амвросіївка, 40915",019 284-51-45,larysahavryshkevych@example.net
Аврамчук,Наталія,Іванівна,Жіноча,07.11.1986,Реабілітолог,селище Пирятин,"набережна Світла, буд. 34 кв. 42, Армянськ, 17640",+380 00 584-56-34,ovdovychenko@example.com
Бараник,Марія,Андріївна,Жіноча,31.10.1962,Підприємець,село Деражня,"шосе Виноградна 2-га, буд. 7 кв. 2, Гірське, 47530",059 747-29-64,xdrobakha@example.net
Мазепа,Олександр,Сергійович,Чоловіча,28.10.1980,Клоун,місто Глухів,"набережна Хлібна гавань, буд. 2, Угнів, 89507",+380 (83) 224-63-72,semen23@example.org
Швачко,Василь,Іванович,Чоловіча,22.05.2003,Паралегал,місто Глобине,"проспект Яна Длугоша, буд. 169, Хирів, 47125",029 792-01-06,tdrobiazko@example.net
Ґереґа,Юлія,Василівна,Жіноча,17.02.1951,Медик,місто Жидачів,"сквер Обривиста, буд. 823, Перевальськ, 99556",+380 69 988-27-08,ykovpak@example.com
Аверченко,Олександр,Андрійович,Чоловіча,02.05.1950,Науковець,місто Кипуче,"набережна Рівності 1-й, буд. 6, Волочиськ, 34577",016 784 59 75,khomykeduard@example.org
Оберемко,Юлія,Дмитрівна,Жіноча,14.06.1944,Мікробіолог,село Підгайці,"проспект Спортивна, буд. 436 кв. 802, Кам'янське, 71858",261 21 77,borys30@example.org
Семенченко,Юлія,Олександрівна,Жіноча,11.01.1997,Археолог,село Шпола,"проспект Ширяївський, буд. 58 кв. 54, Хуст, 54440",+380 96 043-12-02,bohdannazabila@example.net
Даньків,Марія,Петрівна,Жіноча,07.06.1973,Футболіст,село Моршин,"площа Хутірський, буд. 8, Яготин, 88169",067 769-94-90,vasyl68@example.net
Ященко,Михайло,Васильович,Чоловіча,01.08.1956,Головний меркшейдер,хутір Черкаси,"сквер Бориса Літвака, буд. 16 кв. 27, Лебедин, 23177",+380 05 287-22-33,teodoriarema@example.com
Лесик,Михайло,Васильович,Чоловіча,28.03.1990,Етнограф,місто Болград,"провулок Моторний 3-й, буд. 927 кв. 3, Переяслав, 11222",+380 12 775-83-44,vnalyvaiko@example.com
Ткач,Володимир,Михайлович,Чоловіча,04.11.2001,Агроном,селище Рахів,"парк Лінія 32-га, буд. 7 кв. 033, Кальміуське, 21042",027 814-62-49,valeriiverkhovynets@example.net
Вобла,Михайло,Андрійович,Чоловіча,21.11.1976,Кінокритик,хутір Шаргород,"набережна Віталія Блажка, буд. 4 кв. 889, Тульчин, 25712",+380 85 405-64-23,haidamakamaksym@example.org
Атаманчук,Ірина,Дмитрівна,Жіноча,27.11.2007,Мікробіолог,хутір Снігурівка,"узвіз Олексія Косяченко, буд. 8, Рахів, 88222",083 206 65 55,iieshchenko@example.net
Байда,Володимир,Сергійович,Чоловіча,20.06.1986,Доцент,хутір Сновськ,"шосе Байдарочний, буд. 376 кв. 5, Деражня, 08312",762 02 97,bohdanriabchenko@example.net
Ващук,Олена,Петрівна,Жіноча,09.08.1941,Архітектор,хутір Заставна,"парк Танкерна, буд. 8 кв. 57, Родинське, 82465",+380 30 012-58-33,orkhyp10@example.com
Полтавець,Володимир,Михайлович,Чоловіча,13.05.1998,Бухгалтер,місто Буча,"шосе Сергія Ядова, буд. 3 кв. 766, Благовіщенське, 34354",005-32-03,batihvarvara@example.org
Алексійчук,Сергій,Дмитрович,Чоловіча,20.12.1981,Пілот,місто Селидове,"набережна Академіка Липського, буд. 1 кв. 0, Городня, 51592",037 683 38 31,anitasymonenko@example.com
Малишко,Володимир,Васильович,Чоловіча,21.02.1982,Конструктор,село Боярка,"проспект Могилівська, буд. 05, Нетішин, 66790",+380 (87) 370-77-59,symononufriienko@example.org
Христич,Юлія,Олександрівна,Жіноча,06.05.1938,Музичний редактор,селище Чортків,"сквер Ялинкова, буд. 37 кв. 1, Південне, 07708",059 624 29 65,bohuslavachumak@example.com
Приходько,Тетяна,Сергіївна,Жіноча,15.09.2003,Живописець,село Тульчин,"провулок Пересипська 4-та, буд. 3, Кремінна, 19613",018 650 20 46,siurchuk@example.net
Єсипенко,Сергій,Сергійович,Чоловіча,04.05.1998,Ді-джей,місто Судак,"площа Капітана Гаврікова, буд. 68, Приморськ, 91769",018 947 55 18,priska15@example.org
Гайденко,Анна,Сергіївна,Жіноча,09.09.2007,Палеонтолог,хутір Харків,"проспект Сливовий, буд. 86, Чортків, 02835",092 99 15,mbabiak@example.org
Ґереґа,Олена,Олександрівна,Жіноча,14.07.2004,Стропальник,селище Городня,"узвіз Лінія 42-га, буд. 8 кв. 1, Новоукраїнка, 87144",+380 26 280-98-76,viacheslavshtokalo@example.org
Дутка,Андрій,Андрійович,Чоловіча,22.10.1944,Стропальник,селище Пустомити,"площа Моторна, буд. 2, Мелітополь, 60945",019 477-14-30,martym@example.com
Бабійчук,Марія,Михайлівна,Жіноча,20.01.1950,Ветеринар,село Краматорськ,"шосе Айвазовського, буд. 5, Сокологірськ, 54328",051 852-65-28,hannasirchenko@example.org
Рева,Катерина,Сергіївна,Жіноча,01.05.1967,Диригент,село Одеса,"провулок Вапняний 2-й, буд. 1, Новий Розділ, 75421",+380 95 939-57-69,markochernenko@example.com
Верес,Світлана,Дмитрівна,Жіноча,27.05.2003,Публіцист,селище Южне,"провулок Лазурний 4-й, буд. 2 кв. 0, Тетіїв, 17669",+380 28 993-76-77,viacheslavierchenko@example.net
Верменич,Петро,Михайлович,Чоловіча,24.08.1941,Гірничий інженер,селище Белз,"площа Соляний 2-й, буд. 280, Носівка, 68582",022 647 57 46,kyrylodarahan@example.org
Ємельяненко,Петро,Дмитрович,Чоловіча,26.09.1956,Професор,хутір Радомишль,"сквер Польова, буд. 697, Святогірськ, 76268",+380 73 882 79 60,ychervonenko@example.org
Єременко,Анна,Андріївна,Жіноча,28.12.1958,Математик,хутір Вовчанськ,"парк Лобачевського, буд. 5 кв. 1, Дніпро, 46466",003 572-10-77,demianavdieienko@example.org
Єфименко,Анна,Петрівна,Жіноча,09.12.1971,Прокурор,хутір Чуднів,"вулиця Аеропортівська, буд. 67 кв. 0, Зоринськ, 06416",719-74-99,olenamykhailiuk@example.net
Вернигора,Володимир,Петрович,Чоловіча,06.09.2003,Педагог,місто Кременчук,"узвіз Грузинська, буд. 976 кв. 3, Сновськ, 49365",085 593-40-02,nshakhrai@example.com
Влох,Дмитро,Андрійович,Чоловіча,18.12.2004,Слідчий,місто Вугледар,"набережна Яблунева, буд. 93, Тростянець, 74798",+380 17 751-88-98,emiliiapavlenko@example.net
Гавришкевич,Олександр,Дмитрович,Чоловіча,26.12.2001,М'ясник,село Бучач,"шосе Люстдорфська дорога, буд. 594, Чорноморськ, 66979",+380 79 368 20 97,erika38@example.com
Шведченко,Олександр,Васильович,Чоловіча,04.08.1991,Хімік,село Люботин,"площа Астрономічний, буд. 14 кв. 18, Ізюм, 27065",+380 50 698-52-04,masliakmykhailo@example.org
Колесниченко,Петро,Андрійович,Чоловіча,11.10.1991,Секретар,хутір Галич,"шосе Острозька, буд. 5 кв. 669, Рені, 17041",+380 39 230-05-54,miroshnychenkooleksa@example.org
Гресь,Олександр,Андрійович,Чоловіча,06.07.1985,Клоун,селище Кагарлик,"вулиця Артилерійський 2-й, буд. 5, Гірник, 65520",+380 56 850-54-74,irynakovpak@example.org
Акименко,Катерина,Андріївна,Жіноча,17.11.2008,Ді-джей,селище Тростянець,"проспект Східчастий, буд. 560, Єнакієве, 56959",930 52 02,iustym76@example.org
Шило,Юлія,Василівна,Жіноча,15.09.1983,Вчитель,хутір Хирів,"проспект Севастопольський, буд. 171 кв. 7, Оріхів, 03911",888-36-61,alinapushkar@example.com
Єресько,Марія,Сергіївна,Жіноча,26.03.1953,Гінеколог,селище Верхньодніпровськ,"парк Слобідська, буд. 8, Бучач, 99636",145-07-10,solomonhabelko@example.com
Бгиденко,Володимир,Олександрович,Чоловіча,10.08.1965,Маркетолог,селище Моспине,"проспект Батуринська, буд. 2 кв. 77, Берислав, 67444",+380 59 333-71-64,iefremshcherbak@example.com
Іщак,Сергій,Андрійович,Чоловіча,20.02.1966,Випробувач,хутір Погребище,"шосе Станційна 2-га, буд. 33 кв. 3, Богуслав, 32951",+380 (07) 266-34-65,ieshchenkoborys@example.com
Нестайко,Юлія,Сергіївна,Жіноча,27.06.1997,Зоолог,село Тиврів,"парк Чорноморська, буд. 5 кв. 10, Липовець, 83191",082-21-57,valeriitymchenko@example.org
Хмара,Оксана,Олександрівна,Жіноча,21.01.1981,Електрик,село Городенка,"узвіз Ботанічний, буд. 395, Мерефа, 83980",+380 78 920-50-47,trokhympustovit@example.net
Штокало,Іван,Михайлович,Чоловіча,23.12.1959,Детектив,село Новгород-Сіверський,"парк Моторний 2-й, буд. 647, Корсунь-Шевченківський, 87774",+380 (73) 807-29-17,viacheslav08@example.org
Удовиченко,Анна,Михайлівна,Жіноча,27.02.1956,Актор,селище Здолбунів,"шосе Аграрна, буд. 325 кв. 62, Покров, 14233",+380 26 827 04 54,qandriishyn@example.com
Тарасенко,Віктор,Петрович,Чоловіча,27.08.1986,Правник,село Семенівка,"проспект Краснова, буд. 53, Охтирка, 85164",+380 32 892 05 06,alina12@example.com
Конопленко,Олена,Олександрівна,Жіноча,07.03.1938,Акушер,селище Світлодарськ,"набережна Карпенка-Карого, буд. 4 кв. 81, Білицьке, 12428",+380 97 410-96-64,mduplii@example.org
Павличенко,Ірина,Петрівна,Жіноча,10.12.1948,Медик,місто Сніжне,"парк Вишневий, буд. 11, Чернівці, 81371",+380 08 605 76 36,mparasiuk@example.net
Дейсун,Василь,Сергійович,Чоловіча,06.05.1944,Композитор,хутір Новоселиця,"сквер Стражеска Миколи, буд. 9 кв. 81, Герца, 62184",407-55-25,iustynahavryliv@example.com
Рябошапка,Катерина,Олександрівна,Жіноча,09.06.1964,Стиліст,селище Алупка,"сквер Мечникова, буд. 6 кв. 9, Глухів, 71577",+380 (11) 896-97-49,nestaikoiakiv@example.com
Оберемко,Наталія,Василівна,Жіноча,01.10.1959,Складальник,селище Глобине,"площа Лузанівський, буд. 2, Синельникове, 25692",+380 (16) 710-19-89,nadiiababiichuk@example.org
Лаба,Василь,Михайлович,Чоловіча,31.08.1963,Економіст,місто Новоград-Волинський,"вулиця Аеропортівський 5-й, буд. 4 кв. 2, Костопіль, 31190",+380 67 069 51 04,panteleimon35@example.org
Ющенко,Віктор,Михайлович,Чоловіча,13.06.2007,Композитор,хутір Нова Одеса,"шосе Нечипуренка, буд. 64, Феодосія, 29441",732-74-52,zkolisnychenko@example.org
Яценюк,Василь,Михайлович,Чоловіча,06.06.1979,Няня,село Берестин,"сквер Картамишевська, буд. 05 кв. 76, Чернігів, 32775",570 03 69,kyryloorobets@example.net
Лупій,Сергій,Петрович,Чоловіча,17.06.1995,Фармацевт,селище Ровеньки,"провулок Лиманчик 2-й Лінія 3-тя, буд. 279, Ланівці, 34632",+380 (34) 402-09-89,ikorbut@example.com
Данько,Володимир,Сергійович,Чоловіча,14.08.1939,Конструктор,місто Благовіщенське,"провулок 1-ша Лінія Марії Демченко, буд. 573, Вознесенівка, 49345",404 29 89,sofiiavertyporokh@example.org
Удовиченко,Дмитро,Андрійович,Чоловіча,11.01.1938,Реставратор,місто Перещепине,"вулиця Поперечний, буд. 26, Житомир, 28644",098 827 38 03,uhaievskyi@example.com
Шамрай,Дмитро,Андрійович,Чоловіча,15.07.1959,Електрик,місто Новодністровськ,"набережна Італійський, буд. 6, Білгород-Дністровський, 07128",+380 41 122-57-35,danna42@example.net
Уманець,Михайло,Васильович,Чоловіча,09.09.1967,Психолог,хутір Березань,"парк Суперфосфатна, буд. 94, Стебник, 62898",556-87-03,fedirzabara@example.net
Дейсун,Сергій,Михайлович,Чоловіча,15.06.1956,Мовознавець,селище Жидачів,"вулиця Грецька, буд. 56, Яготин, 38740",+380 (62) 773-67-93,somkomariia@example.com
Гайдамака,Віктор,Михайлович,Чоловіча,07.04.1960,Паблік рилейшнз,селище Кам'янка (Черкаська область),"сквер Отамана Головатого, буд. 429 кв. 86, Кам'янка (Черкаська область), 24531",+380 20 303 29 06,ostapchukandrii@example.com
Гунько,Іван,Дмитрович,Чоловіча,09.09.1977,Мистецтвознавець,місто Любомль,"набережна Жоліо-Кюрі, буд. 2 кв. 916, Славутич, 48857",+380 97 670-02-79,teodor23@example.com
Ватаманюк,Юлія,Дмитрівна,Жіноча,28.12.1957,Бібліограф,місто Чистякове,"узвіз Танкерна, буд. 068, Яготин, 52768",+380 01 692-96-38,nalyvaikosviatoslav@example.com
Зарудна,Анна,Петрівна,Жіноча,06.10.1990,Соціолог,хутір Гайворон,"парк 411-ї батареї, буд. 93, Дергачі, 12001",713-84-76,kirvanets@example.org
Свистун,Марія,Сергіївна,Жіноча,04.11.1997,Драматург,селище Зіньків,"провулок Житомирська, буд. 28 кв. 9, Євпаторія, 32222",+380 (14) 428-07-54,gruban@example.net
Кармалюк,Андрій,Олександрович,Чоловіча,13.03.1950,Мистецтвознавець,село Помічна,"шосе Прилуцький, буд. 83 кв. 122, Хуст, 03408",+380 (39) 287-12-02,oolifirenko@example.net
Ященко,Катерина,Олександрівна,Жіноча,16.07.1969,Літературознавець,селище Ніжин,"парк Амундсена, 1-й, буд. 94, Керч, 41265",076 794 40 87,moskalvasyl@example.org
Євтушенко,Андрій,Васильович,Чоловіча,17.03.1981,Геофізик,селище Новий Розділ,"площа Приморський, буд. 80 кв. 5, Бобринець, 47813",767-58-64,vdovychenkoamvrosii@example.org
Чередник,Василь,Андрійович,Чоловіча,10.05.1948,Каскадер,село Лубни,"сквер Сабанський, буд. 69, Підгородне, 32368",+380 (16) 991-20-62,myron72@example.net
Архимович,Тетяна,Андріївна,Жіноча,26.03.2007,Психолог,хутір Мирноград,"проспект Курортний 6-й, буд. 29, Лозова, 13347",902-09-42,kkadeniuk@example.net
Шведченко,Оксана,Дмитрівна,Жіноча,16.09.1970,Мінералог,селище Білогірськ,"сквер Керченський 1-й, буд. 7 кв. 667, Долина, 89673",+380 52 306-11-73,tsiupaheorhii@example.com
Дрозденко,Михайло,Андрійович,Чоловіча,16.03.1945,Музикознавець,місто Підгородне,"шосе Офіцерський 1-й, буд. 981, Долинська, 92514",+380 10 317 21 46,jzakharchenko@example.org
Уманець,Петро,Олександрович,Чоловіча,15.07.1944,Агроном,селище Вільногірськ,"вулиця Шполянська, буд. 803 кв. 34, Каховка, 80419",036 460 50 65,niashchuk@example.com
Панчук,Василь,Олександрович,Чоловіча,23.06.1939,Антрополог,місто Узин,"проспект Відважних, буд. 339, Мирноград, 04679",744-57-44,miroshnychenkodan@example.org
Рубан,Тетяна,Андріївна,Жіноча,13.10.1997,Електрослюсар,хутір Кролевець,"проспект Вільгельма Габсбурга, буд. 68 кв. 7, Гайворон, 16756",+380 46 691 09 09,teodor01@example.com
Забашта,Олена,Михайлівна,Жіноча,26.03.1963,Медик,хутір Богодухів,"сквер Жасминна, буд. 141, Єнакієве, 85151",+380 23 872-68-36,bohdannakarmaliuk@example.org
Філіпенко,Анна,Василівна,Жіноча,06.06.1997,Пілот,хутір Білогірськ,"проспект Олександра Тимошенка, буд. 428 кв. 86, Білгород-Дністровський, 81294",+380 48 370-67-75,qlytvynenko@example.net
Таран,Василь,Сергійович,Чоловіча,26.08.2004,Клавішник,селище Кам'янець-Подільський,"парк Академіка Богатського, буд. 4 кв. 1, Вижниця, 76155",+380 (91) 370-31-81,barannykprokhir@example.net
Ющенко,Петро,Андрійович,Чоловіча,14.06.1984,Географ,хутір Світлодарськ,"провулок Коцюбинського, буд. 5, Лиман, 71131",050 367 50 28,serhiibabarychenko@example.com
Затула,Олександр,Сергійович,Чоловіча,06.01.2003,Гірничий інженер,селище Бобринець,"сквер Депутатський, буд. 69, Бахмач, 86823",260-19-82,rudkoolha@example.net
Бгиденко,Андрій,Петрович,Чоловіча,06.03.1951,Дизайнер,хутір Ірпінь,"вулиця Кредитний, буд. 31, Хотин, 87769",+380 (15) 140-48-55,tetiana06@example.org
Усик,Юлія,Андріївна,Жіноча,06.09.1978,Патологоанатом,село Святогірськ,"провулок Зелена гірка, буд. 7 кв. 3, Білозерське, 09490",339-27-28,mariananikoliuk@example.net
Скоробогатько,Олександр,Іванович,Чоловіча,26.12.1990,Мірошник,хутір Пустомити,"провулок Молоді, буд. 5 кв. 22, Жовті Води, 51404",867 39 99,devdiuknestor@example.com
Затовканюк,Анна,Олександрівна,Жіноча,09.12.1951,Кінорежисер,хутір Шахтарське,"шосе Шоста, буд. 095, Авдіївка, 97995",+380 05 910-41-22,cherinkoteodor@example.com
Деркач,Петро,Петрович,Чоловіча,04.10.1939,Конструктор,хутір Рава-Руська,"парк Деревообробний 5-й, буд. 0 кв. 6, Бурштин, 97320",911-53-43,havryshmilena@example.net
Данько,Іван,Андрійович,Чоловіча,21.07.1971,Клавішник,селище Заводське,"узвіз Тиха, буд. 699 кв. 838, Зугрес, 03691",+380 33 818-02-19,fandriievych@example.org
Опанасенко,Андрій,Іванович,Чоловіча,06.04.1987,Провізор,місто Чистякове,"провулок Аеродромний 3-й, буд. 7 кв. 495, Васильків, 98498",004 865 42 49,kyrylenkoedyta@example.net
Слюсар,Оксана,Сергіївна,Жіноча,10.03.1987,Публіцист,місто Чортків,"узвіз Приморський, буд. 70 кв. 3, Красноперекопськ, 61378",+380 86 494-89-57,albinaholoborodko@example.org
Шутько,Віктор,Дмитрович,Чоловіча,01.11.1976,Реставратор,селище Костянтинівка,"площа Садова 2-га, буд. 80, Тернопіль, 21842",473-40-48,kandroshchuk@example.net
Литвиненко,Оксана,Дмитрівна,Жіноча,01.12.2000,Візажист,хутір Ізмаїл,"проспект Самодіяльна, буд. 9, Буча, 54218",072 469-56-26,sviatoslavderevianko@example.com
Тарасенко,Іван,Іванович,Чоловіча,13.10.1968,Ріелтор,селище Ізяслав,"провулок Ананьївська, буд. 6 кв. 578, Знам'янка, 43753",+380 (85) 619-35-66,ovcharenkoherman@example.com
Носенко,Анна,Олександрівна,Жіноча,03.01.1994,Соціолог,селище Дунаївці,"набережна Літературна, буд. 494 кв. 0, Буча, 92205",+380 25 073 86 98,hlib59@example.com
Гаврюшенко,Олена,Олександрівна,Жіноча,02.07.1983,Актор,хутір Винники,"сквер Водопровідна, буд. 99 кв. 8, Долинська, 86180",+380 (89) 941-75-92,uiemelianenko@example.com
Цимбал,Олександр,Олександрович,Чоловіча,19.03.1939,Стоматолог,хутір Добропілля,"проспект Міцкевича, буд. 3 кв. 986, Чуднів, 95398",+380 (97) 036-15-09,rubetsillia@example.org
Жадан,Андрій,Сергійович,Чоловіча,08.11.1992,Візажист,місто Прилуки,"сквер Садова 1-ша, буд. 644 кв. 4, Мелітополь, 40657",043 911-11-49,heorhiiriabchenko@example.com
Радченко,Олександр,Олександрович,Чоловіча,13.06.1999,Громадський діяч,селище Сіверськодонецьк,"провулок Кладовищний, буд. 5 кв. 640, Інкерман, 29978",+380 04 587-52-71,ielysaveta37@example.net
Худобʼяк,Володимир,Андрійович,Чоловіча,13.09.1994,Конструктор,селище Берислав,"узвіз Китобійна, буд. 52, Великі Мости, 64625",+380 46 424 89 79,alevtyn03@example.net
Байда,Василь,Дмитрович,Чоловіча,16.03.1952,Пілот,село Шахтарське,"шосе Сегедська, буд. 940 кв. 7, Камінь-Каширський, 85679",043 619-35-55,danna09@example.com
Жук,Михайло,Сергійович,Чоловіча,04.11.1952,Модель,хутір Миколаїв,"набережна Дачний 2-й, буд. 106 кв. 58, Тараща, 16131",048 721-89-21,iaryna64@example.net
Асаула,Анна,Василівна,Жіноча,16.08.1956,Паралегал,місто Звенигородка,"провулок Амундсена, 1-й, буд. 65 кв. 820, Шепетівка, 47943",+380 34 713-46-26,kozachenkotrokhym@example.org
Акуленко,Олександр,Іванович,Чоловіча,04.10.1997,Публіцист,хутір Токмак,"парк Гранатна, буд. 7, Горлівка, 09565",069 605-87-77,davydpavlyk@example.com
Аверченко,Ірина,Петрівна,Жіноча,28.10.1954,Складальник,хутір Білогірськ,"площа Кузнечна, буд. 860 кв. 576, Тернопіль, 08807",006 133-31-93,anzhelafastenko@example.com
Нестайко,Володимир,Васильович,Чоловіча,24.09.1958,Ботанік,хутір Белз,"набережна Вертелецького, буд. 2 кв. 1, Сімферополь, 39856",+380 75 366-51-94,symonprotsenko@example.com
Заєць,Дмитро,Михайлович,Чоловіча,29.09.1966,Піаніст,хутір Бахчисарай,"проспект Віри Інбер, буд. 702 кв. 488, Городенка, 11411",219 23 67,zabashtahanna@example.org
Архипенко,Марія,Дмитрівна,Жіноча,17.05.2006,Слідчий,селище Євпаторія,"провулок Миколи Плигуна, буд. 946, Яремче, 85487",034 834 84 21,leon99@example.org
Голик,Юлія,Дмитрівна,Жіноча,16.09.1949,Біолог,село Обухів,"набережна Педагогічна, буд. 78 кв. 6, Виноградів, 54137",005 987-82-13,irynachumachenko@example.net
Саєнко,Михайло,Сергійович,Чоловіча,10.02.1951,Живописець,село Валки,"узвіз Юрія Яновського, буд. 472 кв. 633, Зоринськ, 91862",452-11-05,bohdan96@example.net
Сірко,Андрій,Михайлович,Чоловіча,17.06.1966,Ветеринар,селище Березівка,"узвіз Рєпіна, буд. 1 кв. 300, Бердичів, 52420",+380 52 759-08-39,nestor91@example.org
Колісниченко,Наталія,Сергіївна,Жіноча,11.10.1951,Краєзнавець,селище Рогатин,"шосе Лінія 37-ма, буд. 1, Миронівка, 70139",+380 50 543-54-37,mazurfedir@example.com
Пустовіт,Іван,Андрійович,Чоловіча,27.06.1987,Стиліст,хутір Тернівка,"узвіз Амундсена, 1-й, буд. 886, Волноваха, 75596",+380 39 909-40-93,rhuzenko@example.com
Калениченко,Ірина,Андріївна,Жіноча,24.06.1945,Мінералог,місто Чоп,"проспект Студентський 5-й, буд. 59 кв. 49, Чорнобиль, 09799",+380 85 368 20 74,klavdiiaskopenko@example.net
Парасюк,Ірина,Олександрівна,Жіноча,05.04.1983,Єгер,хутір Новоукраїнка,"набережна Соні Делоне, буд. 9, Шостка, 33393",419 39 86,revamykhailyna@example.net
Цюцюра,Віктор,Сергійович,Чоловіча,30.05.1972,Архітектор,селище Сокиряни,"вулиця 4-та Лінія 6-й ст. Люстдорфської дороги, буд. 170 кв. 81, Кам'янка-Дніпровська, 24146",+380 26 721 25 21,stefan79@example.net
Байрак,Іван,Дмитрович,Чоловіча,23.11.1955,Кінокритик,селище Сквира,"провулок Отонівський, буд. 237, Болград, 69588",000 857-88-48,valentynaumanets@example.net
Ґерета,Тетяна,Михайлівна,Жіноча,09.01.2008,Мистецтвознавець,хутір Звенигородка,"вулиця Заводська, буд. 994 кв. 062, Кобеляки, 13599",001 711-59-70,edytatkachenko@example.org
Килимник,Катерина,Олександрівна,Жіноча,29.09.1969,Хімік,місто Галич,"площа Кузнечна, буд. 28, Міусинськ, 47904",+380 82 498-49-28,vdovenkoedyta@example.com
Цимбалюк,Дмитро,Олександрович,Чоловіча,27.10.1940,Няня,селище Дубляни,"парк Східчастий 4-й, буд. 13, Лебедин, 30203",+380 99 570-91-83,vriabets@example.net
Мамчур,Михайло,Олександрович,Чоловіча,12.11.2004,Пекар,хутір Бахмут,"сквер Радіальна, буд. 2, Кропивницький, 55498",047 177 78 54,hutsuliakzorian@example.org
Ватаманюк,Олександр,Дмитрович,Чоловіча,09.09.1969,Епідеміолог,селище Південне,"площа Новобазарний, буд. 962 кв. 27, Хоростків, 59291",256-34-08,makar95@example.net
Дробʼязко,Михайло,Олександрович,Чоловіча,02.11.1975,Музичний редактор,селище Марганець,"проспект Вірського, буд. 4, Барвінкове, 58411",+380 (64) 224-39-86,suprunenkoleon@example.org
Цісик,Дмитро,Олександрович,Чоловіча,03.04.1972,Детектив,місто Дубляни,"провулок Хімічний 1-й, буд. 27 кв. 85, Пологи, 63609",+380 (74) 450-75-42,anzhelaizhak@example.com
Слюсар,Михайло,Петрович,Чоловіча,08.03.1984,Диригент,місто Підгородне,"провулок Училищна, буд. 1 кв. 367, Зборів, 40734",779-90-45,iustynakozachenko@example.com
Ващенко-Захарченко,Ірина,Михайлівна,Жіноча,17.01.1993,Графік,місто Ланівці,"провулок Тепла, буд. 3 кв. 950, Малин, 71357",+380 (52) 992-69-51,arkadiiieresko@example.net
Матяш,Дмитро,Петрович,Чоловіча,26.09.1995,Професор,село Чернігів,"шосе Гетьманський, буд. 23 кв. 6, Хутір-Михайлівський, 95041",382 68 17,gmykhaliuk@example.com
Ільченко,Світлана,Дмитрівна,Жіноча,01.07.1967,Будник,селище Овруч,"вулиця Бондарна, буд. 631, Монастириська, 61444",+380 05 909-11-29,parmenshapoval@example.com
Симоненко,Володимир,Михайлович,Чоловіча,04.11.1951,Краєзнавець,місто Батурин,"площа Олександра Білостінного, буд. 92, Рогатин, 36492",+380 01 802 92 64,okseniialutsenko@example.org
Чекалюк,Марія,Андріївна,Жіноча,14.08.1941,Стиліст,селище Карлівка,"проспект Сонячна, буд. 942 кв. 3, Херсон, 33779",124-61-35,danhutsuliak@example.org
Матяш,Андрій,Олександрович,Чоловіча,26.11.1959,Програміст,місто Чугуїв,"шосе Зелена, буд. 38 кв. 928, Слов'янськ, 35491",055 014-63-33,oksana91@example.com
Гавришкевич,Марія,Дмитрівна,Жіноча,29.11.1968,Агроном,хутір Баранівка,"узвіз Проїзний 1-й, буд. 459, Андрушівка, 33212",589 11 62,wkozak@example.com
Чміль,Олена,Іванівна,Жіноча,24.05.1970,Акушер,хутір Татарбунари,"провулок Фруктова, буд. 656 кв. 6, Ічня, 80971",+380 11 099 80 93,labademian@example.com
Верховинець,Андрій,Петрович,Чоловіча,19.05.1966,Дизайнер,село Виноградів,"проспект Полуничний, буд. 439, Кальміуське, 82531",508-28-87,kiaremko@example.org
Артимович,Анна,Андріївна,Жіноча,24.08.1969,Патологоанатом,місто Нікополь,"шосе Азовський, буд. 1, Угнів, 02602",023 984 66 74,ggereta@example.net
Яременко,Михайло,Сергійович,Чоловіча,24.02.2008,Кінорежисер,село Переяслав,"узвіз 12-та ст. Великого Фонтану пляж, буд. 186, Оріхів, 13320",054 453 05 51,demianchukiustym@example.com
Оробець,Олександр,Олександрович,Чоловіча,30.09.1964,Прокурор,село Дрогобич,"узвіз Моторна, буд. 74 кв. 45, Таврійськ, 94009",+380 43 006-17-19,uievdokymenko@example.org
Терещук,Анна,Петрівна,Жіноча,25.10.1975,Краєзнавець,село Кам'янка (Черкаська область),"провулок Чумацька, буд. 32, Іллінці, 17339",+380 (94) 431-70-08,mykyta18@example.com
Юхименко,Віктор,Іванович,Чоловіча,27.12.1944,Фрілансер,хутір Шпола,"узвіз Ференца Ліста, буд. 18 кв. 09, Богодухів, 28696",094 897 58 82,sdubyna@example.net
Власенко,Дмитро,Михайлович,Чоловіча,07.08.1974,Кухар,село Мукачево,"узвіз Лінія 32-га, буд. 27 кв. 48, Єнакієве, 49861",384-74-71,anzhelakorolenko@example.org
Євтушенко,Віктор,Васильович,Чоловіча,27.07.2006,Парфюмер,селище Перемишляни,"вулиця Вчительської, 2-й, буд. 64, Яготин, 16048",+380 75 261-60-62,kteslenko@example.org
Байрак,Анна,Петрівна,Жіноча,25.11.1964,Антрополог,село Глобине,"провулок Зої Бутенко, буд. 15, Берислав, 76824",+380 37 067-85-97,kyrylo90@example.com
Бгиденко,Михайло,Васильович,Чоловіча,15.08.1954,Ботанік,хутір Тульчин,"шосе Дігтярна, буд. 71 кв. 03, Чорнобиль, 40460",+380 (64) 922-85-02,ikolisnychenko@example.org
Дараган,Наталія,Олександрівна,Жіноча,15.03.1985,Менеджер,село Чорнобиль,"парк Наявний 2-й, буд. 5 кв. 43, Сквира, 51270",562 46 51,viktorpetrenko@example.com
Сагаль,Андрій,Дмитрович,Чоловіча,12.03.1987,Художник,місто Коростень,"вулиця Соні Делоне, буд. 20, Щастя, 51921",062 299 11 43,oksanasomko@example.com
Чумаченко,Олександр,Михайлович,Чоловіча,20.05.1956,Мікробіолог,хутір Конотоп,"провулок Алмазна, буд. 744 кв. 8, Багачеве, 93561",005 610-77-92,leopoldshtepa@example.net
Архимович,Олена,Олександрівна,Жіноча,10.09.1985,Петрограф,село Борщів,"вулиця Йосипа Фішера, буд. 439, Попасна, 53474",+380 84 408 41 37,demyd81@example.org
Наливайко,Наталія,Дмитрівна,Жіноча,04.11.1979,Фермер,місто Монастирище,"парк Олександра Білостінного, буд. 49, Переяслав, 79721",001 370 82 96,bzinchenko@example.com
Жайворон,Михайло,Іванович,Чоловіча,26.05.1955,Намотувальник,село Шахтарськ,"парк Шовкуненка, буд. 63, Радехів, 60040",+380 59 302-68-64,miurchuk@example.net
Василевич,Сергій,Іванович,Чоловіча,22.08.1957,Конструктор,місто Долинська,"площа Лучиста, буд. 0, Дунаївці, 26291",047 059 06 36,arkadiibazylevych@example.org
Дуплій,Віктор,Іванович,Чоловіча,10.05.1978,Флорист,хутір Павлоград,"шосе Цукровий, буд. 18, Єнакієве, 34552",+380 95 578 21 11,semen81@example.org
Орлик,Тетяна,Андріївна,Жіноча,25.09.1972,Економіст,село Новогродівка,"площа Баринштейна, буд. 86, Золочів, 54010",099 247 83 90,ievhen72@example.org
Дашенко,Володимир,Андрійович,Чоловіча,23.03.2004,Кур'єр,селище Нововолинськ,"площа Танкерна, буд. 65, Нововолинськ, 81472",+380 95 011-72-90,ilchenkovalentyna@example.net
Яценюк,Олена,Андріївна,Жіноча,17.07.2002,Круп'є,селище Надвірна,"вулиця 4-та Лінія 6-й ст. Люстдорфської дороги, буд. 4, Міусинськ, 02704",+380 (48) 670-12-67,tgerega@example.org
Петренко,Сергій,Дмитрович,Чоловіча,31.05.1989,Астроном,місто Рені,"шосе Станційна 3-тя, буд. 706 кв. 783, Шостка, 06181",005 951-33-91,vasylyna12@example.com
Фесенко,Світлана,Андріївна,Жіноча,26.10.1978,Клоун,селище Коломия,"узвіз Макова, буд. 91, Білицьке, 24232",+380 51 691-20-20,ivankalchenko@example.org
Усик,Василь,Дмитрович,Чоловіча,20.05.1956,Палеонтолог,хутір Карлівка,"провулок Пересипська 8-ма, буд. 7 кв. 244, Отаманівка, 75645",069 730 08 65,serhii27@example.net
Василевич,Сергій,Дмитрович,Чоловіча,03.06.2004,Журналіст,хутір Чорноморськ,"парк Тетяни Тесс, буд. 022 кв. 49, Чоп, 76238",840 71 80,boleslavdzhus@example.com
Карпа,Андрій,Олександрович,Чоловіча,15.12.1996,Круп'є,селище Новомиргород,"узвіз Бориса Дерев'янка, буд. 938, Білогірськ, 14504",+380 15 065 54 99,sirkotrokhym@example.org
Ільченко,Тетяна,Андріївна,Жіноча,11.02.1971,Мовознавець,хутір Підгородне,"узвіз Овідіопольська дуга, буд. 779, Кам'янка-Дніпровська, 37049",475-32-73,dubynapriska@example.org
Заїка,Василь,Васильович,Чоловіча,15.01.1968,Дизайнер,село Умань,"шосе Мирна, буд. 115 кв. 68, Біла Церква, 66213",+380 (38) 834-46-82,demianiukiosyp@example.net
Рябошапка,Юлія,Василівна,Жіноча,17.09.1991,Маркетолог,хутір Запоріжжя,"провулок Бугаївська, буд. 078, Южне, 87743",+380 67 995-84-13,mariia88@example.org
Мірошниченко,Володимир,Дмитрович,Чоловіча,22.12.2007,Доцент,місто Вінниця,"вулиця Тополина, буд. 02, Голубівка, 83649",+380 80 167-98-38,valentyndemianchuk@example.org
Ященко,Олександр,Васильович,Чоловіча,04.02.1976,Письменник,хутір Красноперекопськ,"вулиця Рекордний, буд. 4 кв. 282, Українка, 13831",067 541 71 32,herman98@example.com
Цушко,Петро,Іванович,Чоловіча,26.04.1961,Клавішник,селище Кам'янка-Дніпровська,"площа Чорноморський 6-й, буд. 10, Оріхів, 88702",141-00-41,zpoltavets@example.net
Єфименко,Олександр,Дмитрович,Чоловіча,22.12.2003,Ґрунтознавець,селище Глиняни,"сквер Академіка Філатова, буд. 59 кв. 23, Балта, 45790",855 38 33,volodymyr69@example.org
Заєць,Володимир,Михайлович,Чоловіча,05.03.1970,Антрополог,місто Березівка,"набережна Василя Кандинського 4-й, буд. 897 кв. 47, Новий Розділ, 78766",196 06 17,liubov77@example.net
Деревʼянко,Володимир,Сергійович,Чоловіча,20.02.1983,Мікробіолог,селище Козятин,"провулок Михайла Жука, буд. 487 кв. 424, Сторожинець, 35448",+380 66 995-88-56,riaboshapkaalbina@example.com
Конопленко,Ірина,Андріївна,Жіноча,21.11.1978,Археолог,місто Гребінка,"шосе Ключовий 1-й, буд. 103, Старокостянтинів, 41227",870 75 11,nkanivets@example.com
Чумаченко,Олена,Дмитрівна,Жіноча,20.05.1965,Модельєр,місто Миронівка,"сквер Олешківська, буд. 887, Очаків, 36986",+380 74 632 78 45,kiurchuk@example.com
Бандурка,Михайло,Іванович,Чоловіча,23.07.1990,Сценарист,місто Голубівка,"проспект Деревообробна, буд. 56 кв. 052, Коростишів, 16786",+380 79 979 36 72,lmiroshnychenko@example.net
Свириденко,Анна,Дмитрівна,Жіноча,13.06.1957,Музичний редактор,селище Калинівка,"проспект Топольського, буд. 211, Ходорів, 33121",044 840 50 78,ipelekh@example.org
Каденюк,Іван,Андрійович,Чоловіча,03.07.1946,Фотограф,місто Липовець,"набережна Яблунева, буд. 7 кв. 49, Тальне, 54032",+380 (18) 004-40-47,balabanostap@example.org
Бабенко,Андрій,Андрійович,Чоловіча,01.08.1986,Дерун,село Глухів,"набережна 11-та ст. Великого Фонтану пляж, буд. 504, Буринь, 87410",+380 (76) 252-11-93,lsyrotenko@example.org
Бабариченко,Світлана,Василівна,Жіноча,01.02.1947,Прокурор,місто Долинська,"площа Чехівського, буд. 3, Златопіль, 55923",+380 22 848-10-14,zakhar80@example.net
Єрьоменко,Сергій,Васильович,Чоловіча,05.09.1983,Зоолог,місто Тиврів,"сквер Новопланівська, буд. 12 кв. 80, Турка, 32462",772-98-82,larysa26@example.net
Данченко,Іван,Дмитрович,Чоловіча,22.02.1992,Агроном,місто Хрустальний,"провулок Миколи Костомарова, буд. 910, Зміїв, 21186",+380 (41) 474-01-09,anastasiiadrozdenko@example.org
Лазаренко,Наталія,Михайлівна,Жіноча,07.04.1957,Петрограф,місто Джанкой,"набережна Соляний 7-й, буд. 7, Люботин, 59933",424 21 59,orysia92@example.net
Фесенко,Іван,Іванович,Чоловіча,07.08.1971,Астрофізик,місто Зеленодольськ,"вулиця Заньковецької, буд. 368, Ялта, 38732",+380 99 090-95-49,alina51@example.com
Прокопович,Андрій,Сергійович,Чоловіча,04.07.1961,Будник,місто Сіверськодонецьк,"сквер Аптекарський, буд. 6 кв. 77, Брянка, 93892",039 887 20 15,borys82@example.net
Єрьоменко,Василь,Петрович,Чоловіча,27.07.1982,Науковець,хутір Бережани,"узвіз Пшенична, буд. 3 кв. 9, Тульчин, 94408",987-63-72,iandriienko@example.org
Пʼятаченко,Михайло,Іванович,Чоловіча,07.02.2004,Випробувач,селище Комарно,"набережна Рози вітрів, буд. 3 кв. 221, Андрушівка, 40078",872 64 35,tkachenkoodarka@example.com
Шеремета,Дмитро,Дмитрович,Чоловіча,25.02.1981,Економіст,місто Бердичів,"шосе Прохоровський, буд. 7, Кам'янське, 91376",021 862 19 62,qchernenko@example.com
Смик,Оксана,Михайлівна,Жіноча,08.04.2005,Географ,хутір Христинівка,"площа Заводська 3-тя, буд. 866, Славутич, 87228",089 760 70 49,dmytroshakhrai@example.net
Влох,Андрій,Васильович,Чоловіча,13.06.1996,Акушер,селище Бар,"провулок Незалежності, буд. 276 кв. 8, Рівне, 05033",+380 (51) 990-98-76,alinasirko@example.net
Цюпа,Олена,Олександрівна,Жіноча,16.07.1980,Вчитель,хутір Белз,"узвіз Супутників, буд. 5 кв. 216, Мелітополь, 62506",+380 (44) 888-11-22,levko34@example.com
Лупій,Петро,Петрович,Чоловіча,09.05.1977,Бібліотекар,хутір Охтирка,"вулиця Бессарабська, буд. 5 кв. 8, Заставна, 22197",+380 04 046-64-42,zshukhevych@example.com
Чуприна,Сергій,Васильович,Чоловіча,01.05.1958,Астронавт,селище Бердичів,"провулок Ремонтна, буд. 1, Батурин, 50117",882 13 47,qsirko@example.net
Жадан,Василь,Сергійович,Чоловіча,11.08.1964,Кур'єр,селище Тлумач,"шосе Інглезі, буд. 91, Жидачів, 94646",+380 87 628-32-23,myroslav95@example.net
Демʼянюк,Олександр,Михайлович,Чоловіча,23.05.2000,Машиніст,село Волочиськ,"вулиця Газовий, буд. 24 кв. 07, Докучаєвськ, 24818",699-89-85,ivasiuksvitlana@example.org
Кабаненко,Дмитро,Михайлович,Чоловіча,06.06.1953,Драматург,село Дубровиця,"шосе Шевченка, буд. 0, Феодосія, 98587",635-32-69,riashchuk@example.net
Батюк,Оксана,Михайлівна,Жіноча,22.01.1992,Юрист,місто Сміла,"площа Джерельна, буд. 143 кв. 816, Красногорівка, 42047",018 812 72 65,kbabenko@example.com
Рудько,Марія,Михайлівна,Жіноча,23.11.1982,Гінеколог,селище Пустомити,"узвіз Пресича Олександра, буд. 140, Гірник, 16329",358-32-47,spas41@example.com
Рябовіл,Оксана,Дмитрівна,Жіноча,01.01.1974,Музикант,село Ржищів,"площа Яружний, буд. 9, Інкерман, 52357",075 142-70-51,azar43@example.org
Василашко,Юлія,Петрівна,Жіноча,04.05.1958,Піаніст,селище Новоукраїнка,"проспект Головківська, буд. 0 кв. 62, Хотин, 32394",+380 45 848 76 58,isomko@example.org
Атаманюк,Андрій,Іванович,Чоловіча,09.02.1993,Фольклорист,селище Прилуки,"узвіз Лиманчик 2-й Лінія 2-га, буд. 393, Єнакієве, 62640",+380 69 353-76-69,paliimykyta@example.com
Єсипенко,Віктор,Сергійович,Чоловіча,14.12.1979,Медик,хутір Снігурівка,"вулиця Стражеска Миколи, буд. 6, Виноградів, 34845",800 52 46,orkhypkomar@example.net
Гузенко,Анна,Андріївна,Жіноча,09.07.1967,Диригент,селище Алушта,"площа Урожайна, буд. 30 кв. 3, Тульчин, 50823",+380 38 108-51-12,azar43@example.org
Яценюк,Сергій,Іванович,Чоловіча,18.09.2007,Модель,місто Кременець,"узвіз Кафедральна, буд. 794, Новомиргород, 12399",021 044-89-80,karpenkopanteleimon@example.net
Матяш,Ірина,Андріївна,Жіноча,20.11.1958,Євнух,місто Попасна,"вулиця Республіканська, буд. 059 кв. 5, Миргород, 66719",022 356-54-31,hiesypenko@example.org
Ребрик,Василь,Сергійович,Чоловіча,06.02.1966,Швачка,село Дубровиця,"площа Авіаційна, буд. 10, Харцизьк, 38527",053 466-39-92,valerii50@example.com
Оніщук,Василь,Олександрович,Чоловіча,14.03.1953,Прокурор,село Глобине,"шосе Лінія 35-та, буд. 7, Батурин, 63757",+380 (48) 013-07-82,viktorvashchuk@example.com
Цісик,Василь,Михайлович,Чоловіча,05.10.1942,Етнограф,місто Тячів,"вулиця Заводська, буд. 6 кв. 70, Чугуїв, 88152",811 72 85,boryslav01@example.net
Дутка,Олександр,Петрович,Чоловіча,20.07.1949,Вчитель,хутір Глухів,"провулок Інглезі, буд. 0 кв. 27, Миколаїв, 82010",+380 (05) 138-62-29,bohuslava26@example.com
Щириця,Наталія,Іванівна,Жіноча,14.06.1945,Піаніст,село Дубно,"проспект Локомотивний 2-й, буд. 2 кв. 707, Ромни, 06529",018 170 29 48,boleslavnehoda@example.com
Данилюк,Сергій,Михайлович,Чоловіча,27.09.1968,Хореограф,село Герца,"парк Дмитра Іванова, буд. 32 кв. 286, Снігурівка, 46732",+380 (02) 891-09-71,dprymachenko@example.com
Гук,Тетяна,Сергіївна,Жіноча,27.12.1942,Економіст,місто Херсон,"вулиця Офіцерський 2-й, буд. 25, Ясинувата, 83567",+380 62 578-63-87,xbaida@example.net
Щербань,Віктор,Петрович,Чоловіча,01.05.1996,Мистецтвознавець,селище Новоград-Волинський,"площа Агрономічний, буд. 374 кв. 974, Умань, 70619",417-49-95,ypetryk@example.org
Шахрай,Сергій,Михайлович,Чоловіча,15.12.1973,Фермер,хутір Сватове,"провулок Дюківська, буд. 93 кв. 145, Чугуїв, 42194",305 66 03,ovsiienkozynovii@example.org
Чумаченко,Михайло,Дмитрович,Чоловіча,15.09.1981,Реставратор,хутір Хмельницький,"сквер Рівності 1-й, буд. 53, Кипуче, 02135",+380 35 543-21-00,liudmylabaidak@example.net
Дзиндра,Андрій,Андрійович,Чоловіча,12.07.1940,Актор,хутір Шостка,"сквер Садова 6-та, буд. 30, Шаргород, 26355",+380 (77) 310-64-11,amvrosiikovpak@example.net
Асаула,Анна,Михайлівна,Жіноча,16.06.1945,Режисер,селище Скалат,"проспект Трудова, буд. 025 кв. 679, Любомль, 77642",+380 83 872-14-10,viktor56@example.com
Литвин,Світлана,Петрівна,Жіноча,24.03.1997,Музичний редактор,місто Дніпрорудне,"шосе Лінія 29-та, буд. 868, Горлівка, 64638",044 487 89 74,mrak@example.net
Яременко,Дмитро,Іванович,Чоловіча,10.07.1983,Фотограф,село Гадяч,"сквер Аркаса Миколи, буд. 846, Южноукраїнськ, 20207",+380 91 649 82 82,ngzhytska@example.net
Шинкаренко,Ірина,Сергіївна,Жіноча,04.08.1972,Зоолог,місто Бердичів,"площа Добровольців, буд. 758 кв. 0, Новий Калинів, 02037",064 232-27-71,korzhkhrystyna@example.net
Шеремет,Михайло,Сергійович,Чоловіча,27.04.1980,Мікробіолог,місто Старобільськ,"парк Сергія Коновалова, буд. 107 кв. 581, Теребовля, 59472",148-50-88,erikasmyk@example.com
Дашкевич,Олена,Андріївна,Жіноча,17.11.2004,Ювелір,хутір Павлоград,"узвіз Покровський, буд. 7, Тячів, 35992",780-68-24,hlibarkhypenko@example.net
Гук,Михайло,Олександрович,Чоловіча,19.06.1997,Композитор,село Самбір,"узвіз 19-та Лінія, буд. 461 кв. 8, Дергачі, 77232",084-03-62,varvara93@example.com
Охримович,Володимир,Сергійович,Чоловіча,09.06.1955,Бухгалтер,місто Сокаль,"вулиця Чернігівський, буд. 12, Красилів, 03329",212-76-99,smykvolodymyr@example.net
Алексеєнко,Михайло,Андрійович,Чоловіча,26.02.1983,Ветеринар,хутір Рубіжне,"площа Лютневий 2-й, буд. 8, Самбір, 93873",+380 (60) 063-48-63,andriishynstefan@example.com
Бабʼюк,Світлана,Дмитрівна,Жіноча,09.12.1992,Фрілансер,місто Луганськ,"узвіз Економічний, буд. 30 кв. 1, Мирноград, 33297",+380 45 837 23 52,mgzhytska@example.net
Дурдинець,Катерина,Петрівна,Жіноча,24.05.1969,Музикант,село Бурштин,"площа Верф’яний, буд. 4, Ковель, 52886",+380 (14) 317-76-27,dpavlychenko@example.net
Артюх,Дмитро,Михайлович,Чоловіча,27.05.1976,Флорист,село Судак,"узвіз Миколи Кравченка, буд. 835 кв. 4, Житомир, 83970",+380 57 006 81 67,babiichukrostyslav@example.org
Затула,Віктор,Андрійович,Чоловіча,16.03.1981,Конструктор,місто Міусинськ,"шосе Володі Дубініна, буд. 65 кв. 13, Слов'янськ, 42044",+380 68 725-64-76,adam10@example.net
Носенко,Іван,Васильович,Чоловіча,02.12.1977,Архітектор,селище Ізяслав,"провулок Шампанський, буд. 35 кв. 421, Хуст, 81180",+380 85 758-11-82,snizhanapelekh@example.net
Тимченко,Андрій,Іванович,Чоловіча,12.02.2000,Редактор,село Моршин,"шосе Савицький, буд. 455 кв. 72, Сквира, 95018",270-12-61,havryliuksofiia@example.org
Щербань,Дмитро,Андрійович,Чоловіча,25.10.1957,Геолог,село Борщів,"вулиця Князя Володимира Великого , буд. 900 кв. 3, Бібрка, 86353",030 60 15,amaliia19@example.org
Тичина,Олена,Олександрівна,Жіноча,03.02.1980,Підприємець,селище Прип'ять,"набережна 40-річчя оборони Одеси, буд. 22, Лохвиця, 77673",+380 05 174-59-89,vasylyna18@example.com
Верховинець,Юлія,Дмитрівна,Жіноча,20.07.1981,Модельєр,хутір Шахтарськ,"проспект Мала Арнаутська, буд. 032, Кадіївка, 67735",570-17-61,heorhiikovaliuk@example.org
Бабак,Анна,Дмитрівна,Жіноча,19.12.1966,Стоматолог,хутір Вуглегірськ,"узвіз Китобійна, буд. 6 кв. 81, Інкерман, 77147",082 986-64-38,parmen86@example.org
Жайворон,Василь,Дмитрович,Чоловіча,12.11.1942,Випробувач,селище Володимир-Волинський,"вулиця Рачкова, буд. 048 кв. 7, Заставна, 53538",+380 26 972-56-82,shvachkaspas@example.net
Коваленко,Анна,Петрівна,Жіноча,05.02.1999,Гірник,село Перемишляни,"сквер Лірний, буд. 0, Ананьїв, 19603",351 01 77,hannadakhno@example.net
Шморгун,Дмитро,Іванович,Чоловіча,19.04.2007,Графік,село Бахмут,"набережна Прорізний, буд. 7 кв. 734, Тиврів, 54104",685 23 28,danylozaruba@example.org
Бабариченко,Василь,Михайлович,Чоловіча,26.06.2008,Мірошник,селище Кам'янка (Черкаська область),"шосе Хвиляста, буд. 9, Донецьк, 93516",+380 93 502 28 67,onysym86@example.org
Міщенко,Оксана,Андріївна,Жіноча,02.11.1942,Архітектор,хутір Гнівань,"площа Степова, буд. 1 кв. 65, Харцизьк, 67315",+380 47 872-77-29,vadym04@example.net
Лисенко,Катерина,Михайлівна,Жіноча,30.06.1976,Реабілітолог,хутір Новий Буг,"парк Сергія Ейзенштейна, буд. 215 кв. 8, Чернівці, 49312",436 26 57,kkorbut@example.org
Шаблій,Юлія,Михайлівна,Жіноча,05.03.1960,Диригент,село Моспине,"набережна Евлії Челебі, буд. 02 кв. 75, Конотоп, 60908",729 17 00,lutsenkomykhailyna@example.com
Дергач,Петро,Олександрович,Чоловіча,30.04.1950,Географ,хутір Гребінка,"провулок Джинестрівська, буд. 7 кв. 99, Перечин, 10254",004 906-27-96,ctymchuk@example.net
Семенченко,Юлія,Дмитрівна,Жіноча,07.06.1983,Медик,хутір Сіверськодонецьк,"проспект Костанді 2-й, буд. 8 кв. 228, Амвросіївка, 40389",+380 78 988 03 11,iaremaivashchenko@example.org
Тригуб,Світлана,Іванівна,Жіноча,17.08.1958,Різноробочий,село Апостолове,"парк Лазурний 1-й, буд. 44, Тальне, 79725",005 948-45-19,qvernydub@example.org
Нестайко,Андрій,Сергійович,Чоловіча,30.06.1959,Ді-джей,селище Прилуки,"парк Перепечка, буд. 522 кв. 1, Жашків, 21937",+380 88 217-08-02,okhrim84@example.com
Атрощенко,Іван,Васильович,Чоловіча,07.03.1958,Публіцист,селище Вознесенськ,"парк Павла Чубинського, буд. 954, Пирятин, 93063",+380 59 392 53 92,vadymveres@example.net
Канівець,Дмитро,Іванович,Чоловіча,21.03.1945,Машиніст,село Радомишль,"площа Лазурний 1-й, буд. 5 кв. 08, Молочанськ, 42549",+380 79 864 32 39,romanenkonadiia@example.net
Христенко,Марія,Олександрівна,Жіноча,11.08.1947,Електрик,місто Ялта,"парк Рабіна Іцхака, буд. 0, Лубни, 73971",+380 04 311-16-75,semen28@example.com
Твердохліб,Віктор,Олександрович,Чоловіча,17.08.1992,Швачка,селище Олександрівськ,"узвіз Аеропортівський 5-й, буд. 1, Сколе, 70326",+380 21 619 46 72,amvrosii07@example.org
Забіла,Михайло,Васильович,Чоловіча,01.08.1987,Ботанік,село Добромиль,"площа Флотська, буд. 9 кв. 234, Сорокине, 93152",064 822-63-54,bohdannazasenko@example.org
Євтушок,Петро,Дмитрович,Чоловіча,10.08.1992,Сантехнік,село Судак,"набережна Серединський, буд. 7, Херсон, 96572",+380 72 841 22 63,rostyslav74@example.com
Ющенко,Петро,Андрійович,Чоловіча,01.11.1979,Сценарист,хутір Городище,"узвіз Літературна, буд. 2, Мала Виска, 59416",+380 91 387-99-66,herman75@example.net
Ґоляш,Марія,Олександрівна,Жіноча,12.12.1998,Археолог,місто Харцизьк,"проспект Текстильників, буд. 1 кв. 033, Решетилівка, 36719",229-98-67,leon77@example.net
Аронець,Світлана,Михайлівна,Жіноча,07.11.1951,Фермер,хутір Бахчисарай,"проспект Кропивницького, буд. 889 кв. 5, Перевальськ, 91655",964-38-05,kteslenko@example.org
Дацюк,Дмитро,Сергійович,Чоловіча,17.02.1997,Мовознавець,село Берислав,"сквер 17-та Лінія 6-й ст. Люстдорфської дороги, буд. 65 кв. 769, Сімферополь, 38127",+380 77 057-52-80,obabii@example.net
Пустовіт,Дмитро,Олександрович,Чоловіча,20.10.1941,Біолог,село Шепетівка,"сквер Князівська, буд. 738, Новомиргород, 87947",388 52 73,hrechanykfedir@example.org
Перепелиця,Віктор,Олександрович,Чоловіча,02.03.1962,Бібліотекар,село Копичинці,"шосе Заводська 1-ша, буд. 18, Слов'янськ, 15557",088 397-81-28,myroslav68@example.org
Даниленко,Михайло,Васильович,Чоловіча,05.01.1981,Гірник,місто Вуглегірськ,"набережна Тополина, буд. 375, Теплодар, 64100",+380 90 753 98 49,rostyslav40@example.org
Твердохліб,Віктор,Дмитрович,Чоловіча,14.10.1991,Професор,селище Кагарлик,"проспект 1-й Академічний тупик, буд. 5, Жданівка, 57973",500-47-19,danylo86@example.org
Жайворон,Марія,Василівна,Жіноча,18.09.2000,Мовознавець,село Середина-Буда,"площа Транспортна, буд. 942, Бар, 68365",081 421-88-56,anastasiiabandura@example.net
Токар,Олександр,Олександрович,Чоловіча,26.09.1980,Геофізик,село Олевськ,"проспект 3-тя Лінія 4-ї ст. Люстдорфської дороги, буд. 03, Косів, 07923",+380 12 493-30-53,zinchukvolodymyra@example.com
Забіла,Іван,Андрійович,Чоловіча,03.02.1959,Графік,село Бурштин,"парк Лінія 37-ма, буд. 269, Богуслав, 45886",089 203 76 64,andriiovychihnat@example.org
Приймак,Петро,Іванович,Чоловіча,17.08.1999,Дипломат,селище Моспине,"площа Новобазарний, буд. 8 кв. 31, Вараш, 30964",006 026 15 14,pfesenko@example.org
Жученко,Олена,Андріївна,Жіноча,12.02.1976,Перекладач,селище Підгородне,"сквер Дунайська, буд. 3 кв. 50, Енергодар, 04169",+380 08 004 62 61,khudiaksnizhana@example.com
Тесля,Іван,Михайлович,Чоловіча,13.10.1950,Музичний редактор,село Ірміно,"провулок Давида Ойстраха, буд. 8 кв. 970, Корець, 91809",+380 87 124 09 07,iakivsomko@example.org
Іващенко,Дмитро,Андрійович,Чоловіча,11.08.1947,Пекар,хутір Горішні Плавні,"провулок Дубова, буд. 8, Мостиська, 26825",064 553-26-69,zbabii@example.net
Негода,Віктор,Олександрович,Чоловіча,21.01.1996,Електрик,село Боково-Хрустальне,"набережна Добровольців, буд. 6, Армянськ, 65609",940 61 30,rdziuba@example.net
Теліженко,Іван,Михайлович,Чоловіча,30.06.1977,Державний службовець,місто Яворів,"парк Військово-морських сил, буд. 602, Середина-Буда, 60784",+380 74 700-60-94,zhuchenkomykhailo@example.net
Пушкар,Володимир,Дмитрович,Чоловіча,08.12.1951,Промисловець,селище Тульчин,"площа 3-тя Лінія 4-ї ст. Люстдорфської дороги, буд. 83 кв. 0, Дніпрорудне, 72515",013-22-86,andriichukalla@example.net
Ґоляш,Дмитро,Михайлович,Чоловіча,02.02.1942,Диригент,хутір Заводське,"сквер Зелена гірка, буд. 308, Кремінна, 16533",315 38 86,derkachmarusia@example.org
Ющенко,Дмитро,Андрійович,Чоловіча,30.07.1938,Антрополог,селище Берислав,"шосе Байгородський, буд. 949, Валки, 50293",052 307-20-11,galagandmytro@example.com
Свириденко,Віктор,Сергійович,Чоловіча,10.05.1952,Провізор,місто Запоріжжя,"узвіз Балтиморська, буд. 85, Покров, 97446",+380 60 971 88 76,protsenkoavhustyn@example.org
Батуринець,Світлана,Олександрівна,Жіноча,23.01.1959,Епідеміолог,місто Перевальськ,"вулиця Гвоздична, буд. 35, Таврійськ, 80887",091 929-29-54,stepandemydenko@example.net
Єфименко,Тетяна,Дмитрівна,Жіноча,26.09.2001,Стиліст,місто Шахтарське,"вулиця Академіка Сахарова, буд. 8 кв. 30, Белз, 88897",+380 (36) 393-25-16,nataliia77@example.org
Кибкало,Віктор,Петрович,Чоловіча,19.03.1959,Археолог,селище Балта,"сквер Нафтовиків 2-й, буд. 816 кв. 01, Енергодар, 97260",646-20-58,iosypudovychenko@example.com
Штокало,Віктор,Васильович,Чоловіча,27.12.1940,Лікар,селище Горохів,"парк Рівності, буд. 079, Немирів, 40045",096 408-20-82,okovpak@example.org
Супруненко,Наталія,Андріївна,Жіноча,03.08.1948,Електромонтер,місто Кадіївка,"сквер Четверта, буд. 258 кв. 888, Пустомити, 55284",+380 39 205 77 45,maksymviter@example.com
Сиротенко,Тетяна,Іванівна,Жіноча,23.10.1997,Хімік,селище П'ятихатки,"набережна Тіниста, буд. 3 кв. 917, Кипуче, 29786",+380 64 922 03 38,sofiiashakhrai@example.org
Гайденко,Олександр,Андрійович,Чоловіча,28.04.1997,Головний меркшейдер,хутір Новий Буг,"шосе Вірського, буд. 717 кв. 600, Зимогір'я, 51659",265 10 17,vysochanoleksa@example.com
Копитко,Сергій,Дмитрович,Чоловіча,09.11.1984,Географ,селище Курахове,"провулок Опішнянський, буд. 518, Бердичів, 05555",081 822-45-04,pylyp83@example.net
Тягнибок,Сергій,Олександрович,Чоловіча,12.08.1959,Випробувач,місто Борзна,"узвіз Персикова, буд. 4 кв. 003, Тернопіль, 02698",+380 55 994-49-27,ada63@example.net
Цимбалюк,Сергій,Олександрович,Чоловіча,14.02.1940,Детектив,хутір Баранівка,"парк 21-й км Старокиївської дороги, буд. 54, Сорокине, 86661",+380 04 350 29 69,danylobezborodko@example.org
Христич,Тетяна,Дмитрівна,Жіноча,24.12.1985,Водій,хутір Брянка,"площа Деревообробний 2-й, буд. 222, Чигирин, 32448",+380 07 879-19-58,leopold34@example.org
Базавлученко,Василь,Олександрович,Чоловіча,11.08.1990,Кінолог,хутір Зіньків,"узвіз Вітчизняна, буд. 87 кв. 9, Світлодарськ, 53119",082 254-26-18,hbandera@example.org
Шинкаренко,Наталія,Іванівна,Жіноча,13.11.1986,Інженер,село Біляївка,"вулиця Західний 2-й, буд. 40 кв. 39, Турка, 88386",+380 32 017-10-05,danylo30@example.net
Чумаченко,Оксана,Іванівна,Жіноча,24.04.1993,Лікар,місто Запоріжжя,"узвіз Йозефа Прибіка, буд. 74 кв. 4, Нікополь, 87861",019 686 06 24,klymentpylypenko@example.com
Шахрай,Василь,Петрович,Чоловіча,18.07.1996,Менеджер,селище Сімферополь,"провулок Лиманний, буд. 684 кв. 014, Жовті Води, 49814",+380 (41) 004-23-05,korzherika@example.com
Аврамчук,Іван,Андрійович,Чоловіча,13.10.1999,Астрофізик,село Буськ,"вулиця Мерло, буд. 42, Вашківці, 53468",+380 (33) 975-85-80,zabashtaokseniia@example.net
Артимович,Петро,Михайлович,Чоловіча,06.01.2006,Водій,місто Бунге,"парк Висока, буд. 3, Рудки, 69640",094 848 93 49,parmendanchuk@example.com
Засуха,Олена,Дмитрівна,Жіноча,17.08.1980,Бібліотекар,селище Енергодар,"площа Київське, буд. 778 кв. 538, Малин, 65701",088 825 55 83,tverdokhlibvalentyn@example.com
Джунь,Іван,Іванович,Чоловіча,06.04.1954,Економіст,хутір Васильків,"набережна Миколи Вороного, буд. 104 кв. 74, Лубни, 87397",+380 94 614 34 34,ibaida@example.org
Гресь,Василь,Васильович,Чоловіча,02.11.1967,Євнух,хутір Покровськ,"сквер Ватманський, буд. 7, Борзна, 81733",428 52 99,kostiantynovsiienko@example.org
Ґерета,Михайло,Андрійович,Чоловіча,18.11.1967,Конструктор,місто Кременець,"площа Ванний, буд. 550, Маріуполь, 49979",043 993-88-08,edytachmil@example.org
Затула,Ірина,Василівна,Жіноча,31.10.1996,Машиніст,село Кальміуське,"сквер Локомотивний 1-й, буд. 5 кв. 477, Гірник, 18356",+380 03 922-67-82,vladyslavshamrai@example.net
Голобородько,Олена,Андріївна,Жіноча,06.08.1966,Мірошник,місто Боково-Хрустальне,"проспект Камишова, буд. 526 кв. 916, Волноваха, 54532",+380 36 263 57 95,feofanartym@example.net
Демиденко,Петро,Іванович,Чоловіча,12.03.1943,Астроном,місто Скадовськ,"набережна Гена Іоганна, буд. 0 кв. 80, Сокологірськ, 70190",+380 (50) 575-81-79,orysiaiarema@example.org
Баклан,Михайло,Дмитрович,Чоловіча,19.03.1943,Юрист,селище Березне,"сквер Восьмого Березня Лінія 1-ша, буд. 99, Знам'янка, 02456",+380 (79) 537-18-44,btokar@example.net
Артюх,Андрій,Васильович,Чоловіча,14.10.1977,Правник,місто Синельникове,"шосе Пассіонарії, буд. 04 кв. 948, Луцьк, 10373",+380 70 600-48-10,eduard85@example.com
Шаблій,Олександр,Іванович,Чоловіча,21.04.1979,Кінолог,село Донецьк,"провулок Аеродромна, буд. 2, Славута, 19316",+380 (52) 768-48-88,jmalyshko@example.com
Верменич,Сергій,Дмитрович,Чоловіча,31.01.1952,Менеджер,хутір Лебедин,"сквер Лінія 30-та, буд. 703 кв. 1, Перещепине, 33461",+380 00 625 13 72,bohuslava05@example.com
Затовканюк,Віктор,Васильович,Чоловіча,29.09.1976,Публіцист,місто Яремче,"провулок Степова, буд. 964, Рогатин, 54444",+380 82 772 80 75,iavramenko@example.org
Ґжицький,Михайло,Михайлович,Чоловіча,18.07.1947,Ріелтор,хутір Новий Розділ,"провулок Моторний 3-й, буд. 33, Сторожинець, 15281",+380 76 629-02-31,alevtynkopytko@example.com
Бандера,Василь,Олександрович,Чоловіча,18.04.1965,Електрослюсар,хутір Часів Яр,"проспект Картамишевська, буд. 7, Городня, 52146",021 112 21 11,sofiiabaranyk@example.com
Оробець,Андрій,Васильович,Чоловіча,20.06.1938,Гінеколог,місто Черкаси,"площа Літня, буд. 6 кв. 98, Долина, 35696",+380 49 938-35-73,orest60@example.com
Малишко,Анна,Андріївна,Жіноча,26.03.1941,Географ,селище Антрацит,"парк Скидановська, буд. 988, Здолбунів, 04863",+380 (92) 430-00-00,rfesenko@example.com
Заєць,Дмитро,Михайлович,Чоловіча,06.04.1970,Піаніст,місто Деражня,"узвіз Неплія, буд. 1 кв. 27, Мелітополь, 39295",523-25-10,ihorsmyk@example.org
Лавренко,Михайло,Васильович,Чоловіча,10.09.1996,Різноробочий,село Васильків,"сквер Балтський 6-й, буд. 380 кв. 06, Вільнянськ, 91581",531 22 50,viktoriiabebeshko@example.net
Засядько,Михайло,Михайлович,Чоловіча,02.03.2001,Художник,хутір Ічня,"вулиця Кордонний, буд. 44, Тернопіль, 71653",+380 62 753-74-98,civanchenko@example.com
Верменич,Тетяна,Іванівна,Жіноча,28.04.1987,Публіцист,селище Ірміно,"набережна Хаджибейський 3-й, буд. 33 кв. 98, Кодима, 76656",+380 09 249-56-03,danna79@example.com
Вдовиченко,Тетяна,Василівна,Жіноча,18.07.1961,Модельєр,селище Коломия,"проспект Художника Федорова, буд. 825 кв. 2, Білогірськ, 69650",+380 23 885-17-14,serhiipustovit@example.net
Швачка,Ірина,Дмитрівна,Жіноча,21.05.2008,Актор,селище Кальміуське,"вулиця Іспанський, буд. 43, Славута, 85556",+380 32 044-77-23,orkhypvlokh@example.com
Батюк,Петро,Дмитрович,Чоловіча,22.11.1950,Співак,село Ізяслав,"шосе Новаторів, буд. 6 кв. 1, Ромни, 67764",+380 65 657-73-74,kyrylo06@example.net
Балабан,Василь,Дмитрович,Чоловіча,07.03.1967,Юрист,місто Сміла,"парк Виноградна 3-тя, буд. 481 кв. 47, Яремче, 27804",968-04-81,yokhrimenko@example.net
Єременко,Олександр,Петрович,Чоловіча,11.04.2006,Письменник,хутір Українка,"проспект Лазурний 3-й, буд. 0 кв. 0, Мена, 69176",+380 38 975-70-43,bshyian@example.com
Конопленко,Дмитро,Михайлович,Чоловіча,12.06.1996,Конструктор,місто Переяслав,"вулиця Заводська 2-га, буд. 25, Снігурівка, 89355",137 48 64,tetiana90@example.net
Забашта,Дмитро,Олександрович,Чоловіча,06.01.1971,Дерун,село Прип'ять,"провулок Ромашкова, буд. 3, Пустомити, 35675",943 35 84,piatachenkomariia@example.com
Семенченко,Тетяна,Дмитрівна,Жіноча,25.05.1945,Швачка,хутір Новий Розділ,"вулиця Соляний 3-й, буд. 44, Вільнянськ, 80841",052 815 67 65,qhohol-ianovskyi@example.com
Луценко,Петро,Олександрович,Чоловіча,06.03.1949,Провізор,місто Ніжин,"набережна Альпіністів, буд. 608, Нова Каховка, 10819",+380 79 561-76-94,xsliusar@example.net
Рак,Віктор,Михайлович,Чоловіча,05.04.1999,Психолог,хутір Городок,"шосе Спаський, буд. 52, Середина-Буда, 17212",027 829-93-07,okseniiakozachenko@example.net
Каденюк,Дмитро,Андрійович,Чоловіча,14.03.1967,Дерун,хутір Ямпіль,"вулиця Зернова, буд. 73 кв. 67, Луцьк, 37750",+380 53 475-68-75,shtokalonadiia@example.org
Харченко,Віктор,Андрійович,Чоловіча,28.09.1974,Біолог,місто Дружківка,"сквер Одеський, буд. 35, Татарбунари, 08506",090 962 18 80,mykhaliukmykolai@example.org
Колодуб,Михайло,Олександрович,Чоловіча,09.04.1941,Музикознавець,село Старий Самбір,"площа Круговий, буд. 0, Суми, 34219",041-50-76,dashkevychiaroslav@example.org
Теліженко,Віктор,Олександрович,Чоловіча,19.12.1959,Кінорежисер,село Фастів,"набережна 1-ша Лінія Марії Демченко, буд. 102 кв. 0, Кам'янка (Черкаська область), 18497",+380 (63) 994-58-82,arkadiiudovychenko@example.net
Свириденко,Віктор,Олександрович,Чоловіча,30.08.2002,Ріелтор,село Токмак,"проспект Вершинна, буд. 320, Енергодар, 33079",+380 31 782-43-05,vmykhailychenko@example.org
Забіла,Михайло,Петрович,Чоловіча,21.01.1962,Модельєр,село Синельникове,"проспект Французький, буд. 163 кв. 1, Алмазна, 65297",287 33 01,zinchenkoviacheslav@example.net
Гавриш,Віктор,Іванович,Чоловіча,30.12.1989,Дерун,селище Гірник,"площа Багринова, буд. 50 кв. 792, Вижниця, 35961",031 185 43 38,ckalchenko@example.com
Ґерус,Оксана,Петрівна,Жіноча,08.03.1966,Секретар,місто Євпаторія,"вулиця Литовська, буд. 859, Снятин, 96733",+380 71 049-38-76,tetiana08@example.org
Гайденко,Марія,Василівна,Жіноча,04.09.1992,Дизайнер,хутір Залізне,"провулок Софії Перовської, буд. 46 кв. 60, Обухів, 89779",+380 (04) 006-20-89,myroslav97@example.net
Базилевич,Андрій,Іванович,Чоловіча,19.01.2005,Палеонтолог,місто Перевальськ,"вулиця Поштова, буд. 717 кв. 319, Дунаївці, 53546",+380 86 297-76-95,tvashchenko-zakharchenko@example.com
Тягнибок,Світлана,Василівна,Жіноча,05.07.1966,Дипломат,хутір Моспине,"сквер Соляний 4-й, буд. 6, Суми, 36580",091 086-35-96,tshapoval@example.net
Тригуб,Анна,Василівна,Жіноча,11.03.1984,Бухгалтер,місто Нова Каховка,"шосе Обільний 1-й, буд. 33, Зеленодольськ, 81470",346-69-93,orlykievhen@example.org
Дерегус,Василь,Олександрович,Чоловіча,07.03.1951,Біолог,селище Ічня,"сквер Перша, буд. 469 кв. 93, Моршин, 89161",+380 82 845 35 38,balabanbohuslav@example.net
Ляшко,Тетяна,Іванівна,Жіноча,14.10.1978,Круп'є,місто Хоростків,"парк Аеродромний 2-й, буд. 18 кв. 2, Бучач, 16593",097 622-71-81,nmiroshnychenko@example.com
Гаврюшенко,Володимир,Дмитрович,Чоловіча,26.04.1941,Конструктор,село Шахтарськ,"сквер Залізничний 3-й, буд. 343 кв. 4, Стебник, 15476",055 820-44-16,zaichenkobohdanna@example.net
Чорновіл,Олена,Петрівна,Жіноча,18.09.1960,Нотаріус,село Ланівці,"вулиця Ірини Жиленко, буд. 88, Мар'їнка, 98945",+380 03 587 35 13,jduplii@example.com
Тесля,Анна,Василівна,Жіноча,16.02.2004,Фармацевт,місто Кременець,"провулок Кустанайський 2-й, буд. 258 кв. 17, Рожище, 54659",+380 (64) 600-95-66,trokhym78@example.org
Гунько,Катерина,Михайлівна,Жіноча,27.05.1965,Геолог,селище Дунаївці,"шосе Байгородський, буд. 5, Стебник, 97083",653 87 33,zynoviitsarenko@example.com
Авдєєнко,Оксана,Михайлівна,Жіноча,08.07.1978,Локсмайстер,село Комарно,"вулиця Олешківська, буд. 24 кв. 29, Тетіїв, 03511",+380 40 595-72-09,arsenbazavluchenko@example.net
Гресь,Михайло,Іванович,Чоловіча,01.08.1958,Кушнір,село Шепетівка,"площа Амбулаторний, буд. 5, Боярка, 20714",009-36-30,chaidamaka@example.com
Жук,Василь,Михайлович,Чоловіча,20.07.1952,Архітектор,місто Корець,"шосе Цегляна, буд. 11 кв. 80, Чугуїв, 27724",+380 25 980-52-42,sahalpavlo@example.com
Козаченко,Юлія,Михайлівна,Жіноча,10.10.2000,Науковець,село Лохвиця,"площа Нерубайська, буд. 71 кв. 797, Кам'янець-Подільський, 09017",+380 38 287-33-11,onufriienkooleksandr@example.net
Філіпенко,Катерина,Сергіївна,Жіноча,20.09.1953,Краєзнавець,хутір Львів,"провулок Рачкова, буд. 08 кв. 06, Ялта, 45910",+380 47 184-15-24,artymyshynmarusia@example.com
Вітер,Дмитро,Андрійович,Чоловіча,23.07.1962,Різноробочий,село Надвірна,"провулок Джевецького, буд. 6, Рожище, 45942",407-46-33,vitaliichumak@example.org
Бандура,Василь,Петрович,Чоловіча,06.03.1996,Дизайнер,місто Ялта,"шосе Дмитра Сигаревича, буд. 053 кв. 7, Феодосія, 45795",089 171-10-80,ppustovit@example.org
Єщенко,Михайло,Сергійович,Чоловіча,15.01.2008,Журналіст,село Севастополь,"площа Східчастий, буд. 6, Сновськ, 43488",+380 30 025-49-36,petroriaboshapka@example.com
Удовенко,Михайло,Іванович,Чоловіча,09.04.1941,Маркетолог,селище Краматорськ,"узвіз Михайла Жука, буд. 940 кв. 8, Боярка, 27583",+380 14 166 42 61,teodor94@example.com
Бабиченко,Тетяна,Андріївна,Жіноча,08.09.1961,Стропальник,селище Бориспіль,"провулок Шевченка парк, буд. 956 кв. 50, Голубівка, 19453",036 812-55-41,piurchuk@example.com
Акименко,Юлія,Василівна,Жіноча,09.03.2002,Фармацевт,село Кам'янка-Бузька,"площа Ватманський, буд. 048 кв. 8, Іловайськ, 03769",202 97 06,leonid66@example.net
Фурс,Тетяна,Андріївна,Жіноча,07.02.1964,Астроном,селище Ізюм,"парк 8-ма Лінія Дачі Ковалевського, буд. 1 кв. 463, Шумськ, 59630",939 78 07,arkadiikolodub@example.org
Якименко,Тетяна,Петрівна,Жіноча,28.07.1959,Археолог,хутір Олевськ,"узвіз Пастера, буд. 9 кв. 727, Тернівка, 16868",+380 (98) 974-29-62,lukian86@example.org
Архимович,Анна,Дмитрівна,Жіноча,08.04.1984,Бібліограф,місто Новодністровськ,"проспект Дністровська, буд. 10 кв. 7, Бар, 08070",354 92 90,derhachliudmyla@example.org
Чайка,Олена,Сергіївна,Жіноча,10.08.1988,Дерун,село Коростишів,"шосе Матроський, буд. 5, Калуш, 32601",026 414-38-73,jteslenko@example.net
Джус,Сергій,Михайлович,Чоловіча,17.04.1972,Секретар,селище Богуслав,"узвіз Отонівський, буд. 1 кв. 38, Хорол, 98887",039 256-01-32,maksymshvachka@example.net
Данькевич,Ірина,Михайлівна,Жіноча,03.06.1952,Педагог,село Молочанськ,"шосе Ялинкова, буд. 227, Чорнобиль, 22523",+380 (81) 558-88-62,iefremudovenko@example.net
Москаль,Наталія,Василівна,Жіноча,22.01.1950,Біолог,селище Вознесенівка,"провулок Василя Берладяну, буд. 903, Довжанськ, 69998",324-42-76,shvachkokamilla@example.org
Данько,Іван,Андрійович,Чоловіча,01.07.1991,Реставратор,місто Апостолове,"парк Селищний, буд. 18, Лутугине, 62610",+380 38 500-98-78,lizaarkhymovych@example.com
Шеремета,Михайло,Андрійович,Чоловіча,09.01.1986,Геолог,село Могилів-Подільський,"парк Зелена, буд. 078, Сокологірськ, 51164",+380 61 513-01-72,nestor20@example.org
Забіла,Світлана,Василівна,Жіноча,20.10.2003,Ювелір,селище Очаків,"набережна Йосипа Тимченка, буд. 32 кв. 096, Кременець, 36288",+380 27 239 36 93,ruslaniaremkiv@example.com
Швачка,Дмитро,Васильович,Чоловіча,02.12.2002,Історик,хутір Новий Калинів,"проспект Казковий, буд. 611, Южноукраїнськ, 83970",+380 54 916-52-36,zatulaboleslav@example.net
Карпа,Дмитро,Андрійович,Чоловіча,05.04.1956,Журналіст,село Рогатин,"шосе Пантелеймонівська, буд. 7, Стрий, 69584",709-89-30,hrechanykfrants@example.org
Ейбоженко,Володимир,Іванович,Чоловіча,17.03.1966,Локсмайстер,село Біляївка,"проспект Саксаганського, буд. 75, Білозерське, 05196",828-71-26,havryletsnestor@example.com
Дурдинець,Анна,Михайлівна,Жіноча,28.04.1949,Будник,місто Волочиськ,"сквер Травневий 1-й, буд. 87 кв. 541, Сніжне, 86570",888-17-73,kabanenkohavrylo@example.net
Кибкало,Олександр,Петрович,Чоловіча,02.12.1964,Економіст,хутір Вознесенськ,"провулок Туристська, буд. 350, Кам'янське, 14890",+380 97 949-64-27,usaienko@example.net
Рубець,Андрій,Андрійович,Чоловіча,29.06.2003,Пілот,місто Верхньодніпровськ,"набережна Лазурний 4-й, буд. 413, Ржищів, 16886",+380 74 442-10-00,petro56@example.com
Вернидуб,Марія,Іванівна,Жіноча,10.09.2007,Дипломат,місто Корсунь-Шевченківський,"проспект 18-та Лінія 6-й ст. Люстдорфської дороги, буд. 81 кв. 2, Саки, 93308",383-74-44,farkhypenko@example.com
Байда,Юлія,Василівна,Жіноча,12.10.1978,Кушнір,місто Алмазна,"проспект Гімназична, буд. 53, Кодима, 80281",+380 30 258-97-90,demyd34@example.org
Артимишин,Володимир,Петрович,Чоловіча,21.01.1962,Адвокат,селище Арциз,"провулок Тракторна, буд. 061 кв. 208, Вільнянськ, 93898",+380 72 876-41-83,miaremenko@example.com
Годунок,Анна,Іванівна,Жіноча,10.12.2007,Живописець,село Галич,"провулок Новоукраїнський, буд. 4 кв. 811, Камінь-Каширський, 13951",+380 (13) 981-01-62,semen36@example.net
Валенко,Юлія,Олександрівна,Жіноча,02.12.1965,Будник,місто Лиман,"узвіз Новосельского, буд. 71 кв. 041, Звенигородка, 66776",864-32-50,orkhypmazur@example.org
Ковпак,Петро,Сергійович,Чоловіча,23.06.1999,Дипломат,хутір Вишгород,"узвіз Пересипська 6-та, буд. 13 кв. 74, Олешки, 12351",+380 43 546 37 24,demydkybkalo@example.net
Філіпенко,Оксана,Дмитрівна,Жіноча,15.02.1946,Прокурор,місто Путивль,"шосе Банний, буд. 1 кв. 424, Славута, 18244",544-22-00,piatachenkovolodymyr@example.net
Редько,Володимир,Олександрович,Чоловіча,20.02.1954,Художник,селище Лебедин,"узвіз Чигиринська, буд. 95 кв. 289, Новий Розділ, 49239",+380 70 632-20-67,rdemianchuk@example.com
Гузь,Анна,Петрівна,Жіноча,27.09.1945,Кухар,селище Рожище,"узвіз Радісний, буд. 9 кв. 197, Тлумач, 51506",338-85-44,babiichukkyrylo@example.com
Влох,Юлія,Сергіївна,Жіноча,01.11.1980,Ді-джей,село Ворожба,"набережна Кощового отамана, буд. 47, Заліщики, 61409",361 64 81,pruban@example.net
Мірошниченко,Володимир,Васильович,Чоловіча,02.08.1996,Математик,хутір Переяслав,"площа Зої Бутенко, буд. 07 кв. 8, Красноперекопськ, 90968",220-31-65,tereshchenkoherman@example.net
Цимбал,Віктор,Дмитрович,Чоловіча,21.07.1960,Публіцист,місто Апостолове,"шосе Місячний, буд. 8, Хуст, 46742",054 002-93-46,venedykt88@example.org
Адамчук,Олександр,Петрович,Чоловіча,02.01.1992,Астронавт,село Пустомити,"сквер Студентський 1-й, буд. 319 кв. 13, Новояворівськ, 89868",194 07 70,solomiia14@example.com
Тимченко,Юлія,Андріївна,Жіноча,12.02.1987,Клоун,хутір Лисичанськ,"площа Красний, буд. 7 кв. 95, Ржищів, 58478",072 26 09,lukian14@example.net
Коваленко,Наталія,Олександрівна,Жіноча,22.07.1994,Реставратор,місто Путивль,"провулок Отамана Головатого, буд. 72 кв. 660, Камінь-Каширський, 71430",899 87 33,liatsenko@example.com
Матяш,Іван,Андрійович,Чоловіча,21.12.1960,Конструктор,село Гайсин,"провулок Лінія 42-га, буд. 84 кв. 8, Зміїв, 22852",059 874 65 86,zvermenych@example.org
Вовк,Володимир,Андрійович,Чоловіча,05.06.1977,Лікар,хутір Білгород-Дністровський,"вулиця Пироговський, буд. 704 кв. 969, Отаманівка, 97445",+380 10 508-12-00,gbezborodko@example.com
Рак,Юлія,Олександрівна,Жіноча,15.10.1991,Професор,селище Кальміуське,"проспект Лінія 36-та, буд. 7, Лохвиця, 35783",+380 79 867 82 99,milienko@example.org
Сомко,Марія,Андріївна,Жіноча,06.10.2003,Кінорежисер,село Березань,"площа Пантелеймонівська, буд. 438, Нова Каховка, 61243",005 110-80-99,erika24@example.org
Кибкало,Андрій,Михайлович,Чоловіча,24.06.1991,Дипломат,селище Костянтинівка,"парк Заводська 2-га, буд. 49, Алчевськ, 80065",+380 (08) 137-32-90,baidakanzhela@example.net
Іващенко,Андрій,Васильович,Чоловіча,23.03.1979,Менеджер,село Лубни,"проспект Чорничний, буд. 82, Вільнянськ, 04550",+380 05 497 53 64,bohuslavashablii@example.net
Лисенко,Віктор,Олександрович,Чоловіча,17.11.1968,Парфюмер,місто Малин,"проспект Путьова, буд. 35, Івано-Франківськ, 95563",394 43 69,ludovychenko@example.org
Колесниченко,Іван,Сергійович,Чоловіча,16.02.1980,Економіст,місто Буча,"шосе Андрія Музичка, буд. 9, Снятин, 16014",014 514 67 11,rostyslavhavrylets@example.com
Затула,Василь,Олександрович,Чоловіча,28.08.1956,Патологоанатом,хутір Вишневе,"провулок Лютневий 1-й, буд. 2, Боярка, 46182",+380 08 536-52-59,iaremazabara@example.com
Карпа,Анна,Андріївна,Жіноча,29.10.1963,Інженер,село Федорівка,"сквер Люстдорфський, буд. 21 кв. 9, Тиврів, 95691",+380 (48) 906-71-50,ostap95@example.org
Прокопович,Василь,Андрійович,Чоловіча,01.09.1970,Реставратор,село Івано-Франківськ,"площа Соляний 1-й, буд. 0 кв. 6, Переяслав, 38966",945 49 31,romanenkosnizhana@example.net
Чуйко,Анна,Василівна,Жіноча,25.07.1971,Електромонтажник,хутір Корюківка,"шосе 7-ма Лінія Дачі Ковалевського, буд. 009 кв. 21, Севастополь, 56942",580 41 32,illia88@example.net
Вишиваний,Ірина,Олександрівна,Жіноча,05.10.1940,Етнограф,село Ковель,"парк Леся Курбаса, буд. 2, Зугрес, 61411",173-83-21,zaleksiuk@example.org
Тимченко,Дмитро,Андрійович,Чоловіча,19.03.1989,Модель,селище Яготин,"провулок Теофіла Фраєрмана, буд. 065 кв. 685, Ясинувата, 28445",+380 (46) 498-06-06,nazar54@example.org
Яценко,Петро,Васильович,Чоловіча,06.12.2006,Гінеколог,хутір Покровськ,"провулок Бандурний, буд. 694, Білопілля, 33686",696-86-17,marta25@example.com
Батіг,Олександр,Васильович,Чоловіча,07.08.1994,Єгер,селище Олександрівськ,"шосе Кортацці, буд. 318, Приморськ, 38039",+380 02 050 61 38,myroslav07@example.com
Бабко,Іван,Олександрович,Чоловіча,04.11.2000,Літературознавець,місто Долинська,"парк Володі Дубініна, буд. 924 кв. 626, Берестин, 86930",070 67 96,lpetliura@example.org
Вівчаренко,Володимир,Сергійович,Чоловіча,09.11.1972,Головний меркшейдер,село Заставна,"парк Лазурний 1-й, буд. 138 кв. 731, Перемишляни, 24035",615-12-33,abramchukvenedykt@example.net
Деркач,Світлана,Дмитрівна,Жіноча,14.05.1975,Співак,село Яворів,"шосе Солонцюватий 1-й, буд. 210 кв. 43, Погребище, 96238",+380 90 937-86-06,zaichenkodan@example.net
Шведченко,Оксана,Василівна,Жіноча,16.06.1946,Фермер,селище Сокаль,"провулок Юннатів, буд. 607 кв. 435, Білопілля, 02180",010 134 85 46,illiatsymbaliuk@example.com
Гоголь-Яновська,Світлана,Іванівна,Жіноча,25.06.1993,Хімік,селище Мар'їнка,"узвіз Нерубайська, буд. 163 кв. 2, Глиняни, 48997",+380 80 608-28-32,stanislavieshchenko@example.com
Дейнека,Тетяна,Іванівна,Жіноча,13.10.1938,Державний службовець,місто Любомль,"площа Лазурний 5-й, буд. 5 кв. 47, Овруч, 84694",067 080 68 23,snizhanahrytsenko@example.com
Заїка,Юлія,Андріївна,Жіноча,07.08.1980,Реабілітолог,село Чоп,"парк Яблучна, буд. 167, Лозова, 28221",+380 73 894-53-22,pkharchenko@example.org
Бабійчук,Світлана,Михайлівна,Жіноча,26.08.1962,Фрілансер,місто Переяслав,"шосе Князя Володимира Великого , буд. 97 кв. 859, Андрушівка, 56956",094 146 10 27,albertmazur@example.org
Бабич,Михайло,Петрович,Чоловіча,27.06.2005,Агроном,село Калуш,"проспект Флотський 4-й, буд. 084, Міусинськ, 32951",109 87 16,larysa58@example.net
Дробʼязко,Михайло,Петрович,Чоловіча,09.05.1952,Бібліотекар,село Рудки,"площа Цесевича, буд. 11, Авдіївка, 71630",341-99-76,gvovk@example.com
Давимука,Іван,Сергійович,Чоловіча,22.03.1949,Футболіст,село Золочів,"проспект Вапняний 1-й, буд. 74 кв. 1, Долина, 72034",+380 (05) 250-75-20,kyrylenkoliudmyla@example.net
Ґерус,Дмитро,Петрович,Чоловіча,14.06.2000,Соціолог,село Новоград-Волинський,"провулок Гранатна, буд. 139, Кіцмань, 29502",+380 67 589 87 98,eibozhenkoanita@example.org
Смик,Андрій,Михайлович,Чоловіча,09.11.1961,Астрофізик,село Лозова,"сквер Різдвяна, буд. 37, Малин, 95591",067 870 27 11,varfolomii93@example.net
Єрмоленко,Віктор,Петрович,Чоловіча,09.01.1962,Антрополог,місто Покровськ,"сквер Басейний 1-й, буд. 0 кв. 70, Дергачі, 14112",+380 01 729-32-63,bohuslava74@example.net
Яремко,Іван,Андрійович,Чоловіча,24.11.1952,Круп'є,село Білопілля,"шосе Флотський 1-й, буд. 78, Сіверськодонецьк, 69889",890-21-39,zakusyloolena@example.com
Шовкопляс,Олександр,Васильович,Чоловіча,28.08.1977,Бізнесмен,селище Перещепине,"сквер Дідріхсона, буд. 69 кв. 1, Вінниця, 90767",659-94-96,iemelianenkovadym@example.org
Вишняк,Петро,Михайлович,Чоловіча,30.03.1962,Палеонтолог,селище Дружківка,"шосе Кар’єрна, буд. 33, Зугрес, 46907",+380 (13) 135-10-88,mreva@example.com
Демʼянчук,Володимир,Васильович,Чоловіча,01.02.1961,Музикант,хутір Лиман,"шосе Гена Іоганна, буд. 7, Охтирка, 59686",+380 45 140 62 03,valentyna62@example.org
Чаленко,Анна,Петрівна,Жіноча,05.01.1991,Дерун,селище Сміла,"провулок Проектуєма, буд. 2, Бібрка, 35262",+380 (37) 643-80-68,osvystun@example.org
Жук,Дмитро,Михайлович,Чоловіча,14.10.1975,Біолог,місто Білопілля,"шосе Зелена, буд. 50, Овруч, 18338",010 249 54 93,tsarenkoedyta@example.org
Шелест,Анна,Петрівна,Жіноча,20.01.1962,Фізик,селище Боково-Хрустальне,"сквер Рожева, буд. 11 кв. 591, Новий Буг, 98227",030 566 92 73,daleksandrenko@example.com
Ґерета,Петро,Андрійович,Чоловіча,28.03.1966,Гірник,селище Українськ,"узвіз Набережна, буд. 22, Яготин, 72978",+380 92 065-08-86,viacheslav77@example.org
Даценко,Світлана,Андріївна,Жіноча,20.08.1989,Візажист,місто Соснівка,"площа Василя Симоненка, буд. 24 кв. 371, Остер, 05770",022 812-08-63,hermankhomyk@example.com
Бебешко,Юлія,Дмитрівна,Жіноча,11.03.2002,Провізор,місто Покровськ,"сквер Сміливий, буд. 352 кв. 6, Ківерці, 27639",032 628-94-44,okhrimsheremet@example.com
Байрак,Михайло,Васильович,Чоловіча,21.10.1990,Етнограф,село Новодружеськ,"вулиця Теплична, буд. 631 кв. 1, Карлівка, 07151",+380 62 250-01-28,sviatoslav57@example.net
Гречаник,Катерина,Андріївна,Жіноча,25.04.1959,Фотограф,хутір Кремінна,"провулок Депутатський, буд. 1 кв. 5, Марганець, 68235",+380 78 472-63-93,liza58@example.org
Жадан,Світлана,Сергіївна,Жіноча,21.02.2005,Флорист,хутір Корсунь-Шевченківський,"набережна Вапняне селище, буд. 08 кв. 74, Скадовськ, 02674",+380 54 031-13-58,viravasylevych@example.net
Ящук,Анна,Олександрівна,Жіноча,07.05.1951,Астроном,село Сіверськ,"парк Новий, буд. 79 кв. 870, Люботин, 14034",092 791 44 14,hryhoriidrozdenko@example.com
Оберемко,Дмитро,Сергійович,Чоловіча,26.04.1943,Антрополог,місто Радомишль,"узвіз Виноградна 2-га, буд. 0, Чернігів, 15984",+380 01 080 66 98,iustym95@example.net
Павличенко,Іван,Сергійович,Чоловіча,17.09.1990,Мірошник,селище Херсон,"сквер Штурманська, буд. 1 кв. 2, Нікополь, 09361",241-64-18,fverkhovynets@example.net
Чередник,Віктор,Васильович,Чоловіча,18.06.1954,Електротехнік,хутір Перещепине,"парк Ткачова, буд. 42 кв. 275, Хотин, 98700",124 34 89,ptereshchuk@example.net
Ільченко,Василь,Васильович,Чоловіча,29.12.1997,Агроном,хутір Кремінна,"сквер Донцова Дмитра, буд. 03 кв. 4, Кобеляки, 83776",177 23 56,leontii45@example.org
Бездітко,Світлана,Олександрівна,Жіноча,03.01.2001,Прокурор,селище Рогатин,"площа Локомотивний 3-й, буд. 5 кв. 267, Сокаль, 56459",636 15 35,fzabashta@example.com
Нестеренко,Петро,Олександрович,Чоловіча,06.11.1983,Географ,селище Калинівка,"узвіз 2-га Лінія Марії Демченко, буд. 501, Христинівка, 19106",+380 (14) 884-39-77,iaremaliashko@example.com
Токар,Катерина,Петрівна,Жіноча,24.01.1974,Будник,селище Носівка,"парк Отрадна, буд. 4 кв. 892, Апостолове, 49091",+380 87 670-40-53,varvara30@example.org
Венгринович,Володимир,Андрійович,Чоловіча,21.11.1950,Хореограф,селище Мала Виска,"площа Лінійний, буд. 7 кв. 02, Жданівка, 31243",+380 10 909-46-92,onysym05@example.net
Ющенко,Юлія,Сергіївна,Жіноча,16.04.1985,Швачка,селище Алчевськ,"проспект Садова, буд. 533, Миколаївка, 49538",+380 (16) 485-71-85,kdarahan@example.net
Рябченко,Анна,Сергіївна,Жіноча,24.07.1941,Головний меркшейдер,хутір Тячів,"проспект Галини Могильницької, буд. 071 кв. 9, Мар'їнка, 08436",077 105-80-19,lizahavriushenko@example.com
